date,actual_gdp,actual_gdp_growth,model_AR_h1,model_AR_h2,model_ADL_bridge_m1,model_ADL_bridge_m2,model_ADL_bridge_m3,model_ADL_bridge_m4,model_ADL_bridge_m5,model_ADL_bridge_m6,model_RF_h1,model_RF_h2,model_RF_bridge_m1,model_RF_bridge_m2,model_RF_bridge_m3,model_RF_bridge_m4,model_RF_bridge_m5,model_RF_bridge_m6,combined_bridge_forecast_m1,combined_bridge_forecast_m2,combined_bridge_forecast_m3,combined_bridge_forecast_m4,combined_bridge_forecast_m5,combined_bridge_forecast_m6,Error_model_AR_h1,Error_model_AR_h2,Error_model_ADL_bridge_m1,Error_model_ADL_bridge_m2,Error_model_ADL_bridge_m3,Error_model_ADL_bridge_m4,Error_model_ADL_bridge_m5,Error_model_ADL_bridge_m6,Error_model_RF_h1,Error_model_RF_h2,Error_model_RF_bridge_m1,Error_model_RF_bridge_m2,Error_model_RF_bridge_m3,Error_model_RF_bridge_m4,Error_model_RF_bridge_m5,Error_model_RF_bridge_m6,Error_combined_bridge_forecast_m1,Error_combined_bridge_forecast_m2,Error_combined_bridge_forecast_m3,Error_combined_bridge_forecast_m4,Error_combined_bridge_forecast_m5,Error_combined_bridge_forecast_m6
2012-07-01,17469.65,0.575697505944817,2.900432574285264,,,,1.6566517444074813,,,,2.4841524008311424,,,,1.5059852985944258,,,,,,1.5813185215009535,,,,2.324735068340447,,,,1.0809542384626645,,,,1.9084548948863254,,,,0.9302877926496088,,,,,,1.0056210155561365,,,
2012-10-01,17489.852,0.462294966300192,2.2705898228408667,2.1770474967669293,3.932402963330882,3.5078400897224946,3.353273728271177,,,2.40201000861279,1.9844309621437406,1.7625789092613144,2.9875668849984978,3.1376242385824415,3.1128327724539133,,,2.304699015800968,3.45998492416469,3.322732164152468,3.233053250362545,,,2.353354512206879,1.8082948565406747,1.7147525304667373,3.47010799703069,3.0455451234223028,2.890978761970985,,,1.9397150423125977,1.5221359958435485,1.3002839429611224,2.525271918698306,2.6753292722822497,2.6505378061537215,,,1.8424040495007759,2.997689957864498,2.860437197852276,2.770758284062353,,,1.891059545906687
2013-01-01,17662.4,3.92690370620628,1.763238501744797,1.771566904842432,2.516755288859324,1.257395030791803,2.9369151561000972,3.66225819094258,2.3822279199149854,2.3687078656909626,0.6520870085624679,0.2816196454637632,2.926032194919091,2.5756753214339274,2.845119315982113,2.2742451040445872,2.3094777666473174,3.0469401472495266,2.7213937418892074,1.9165351761128653,2.891017236041105,2.9682516474935836,2.3458528432811514,2.7078240064702443,-2.1636652044614832,-2.155336801363848,-1.410148417346956,-2.669508675414477,-0.9899885501061827,-0.26464551526369995,-1.5446757862912945,-1.5581958405153173,-3.274816697643812,-3.6452840607425165,-1.000871511287189,-1.3512283847723525,-1.081784390224167,-1.6526586021616927,-1.6174259395589625,-0.8799635589567534,-1.2055099643170726,-2.0103685300934147,-1.0358864701651749,-0.9586520587126963,-1.5810508629251285,-1.2190796997360356
2013-04-01,17709.671,1.06911530605487,1.7640749183368782,1.6917499952997679,3.2753786785764003,2.6913853470538927,2.7923158556783965,2.1887549181137644,1.420659134591589,2.713623791816443,1.9339124926749136,2.57931201154998,3.053701286940371,2.3457563550781653,2.1964045875712195,2.5949733582644625,2.4531214415049885,2.3906171250877954,3.1645399827583853,2.5185708510660287,2.4943602216248077,2.3918641381891135,1.9368902880482888,2.5521204584521193,0.6949596122820083,0.622634689244898,2.2062633725215304,1.6222700409990227,1.7232005496235265,1.1196396120588945,0.35154382853671917,1.6445084857615733,0.8647971866200437,1.51019670549511,1.9845859808855009,1.2766410490232953,1.1272892815163496,1.5258580522095926,1.3840061354501185,1.3215018190329255,2.0954246767035154,1.4494555450111588,1.4252449155699378,1.3227488321342435,0.8677749819934188,1.4830051523972494
2013-07-01,17860.45,3.39115862099888,2.8323652991771535,2.8680799004578454,2.343020077024125,3.1844492622604847,3.209364983300603,2.7334967739548643,2.3375439167612115,1.8757689776540047,2.7833916611768994,2.5004563163322757,3.1662057263016608,3.8547642513491764,2.0446023229809267,2.5807525035091152,2.5615552963339883,2.525359797452626,2.7546129016628926,3.519606756804831,2.6269836531407647,2.6571246387319896,2.4495496065476,2.2005643875533156,-0.5587933218217267,-0.5230787205410348,-1.0481385439747553,-0.20670935873839547,-0.18179363769827717,-0.6576618470440159,-1.0536147042376687,-1.5153896433448755,-0.6077669598219808,-0.8907023046666045,-0.22495289469721946,0.4636056303502962,-1.3465562980179535,-0.810406117489765,-0.829603324664892,-0.8657988235462541,-0.6365457193359876,0.1284481358059506,-0.7641749678581156,-0.7340339822668906,-0.9416090144512803,-1.1905942334455646
2013-10-01,18016.147,3.47185609530527,2.023710047094413,1.8971769261949418,2.3868792231197635,2.470595821347052,4.055644085362288,1.7859085719574983,2.849310511213807,2.3874126908665656,2.495030298875093,2.437929871615651,4.707447793808888,5.027852104233121,3.2466092832056086,2.716392624776807,2.242873755463418,3.1860535708158295,3.547163508464326,3.7492239627900865,3.6511266842839483,2.2511505983671527,2.5460921333386124,2.7867331308411973,-1.448146048210857,-1.5746791691103283,-1.0849768721855066,-1.0012602739582181,0.5837879900570178,-1.6859475233477719,-0.6225455840914633,-1.0844434044387046,-0.9768257964301772,-1.0339262236896194,1.235591698503618,1.5559960089278508,-0.22524681209966158,-0.7554634705284631,-1.2289823398418522,-0.28580252448944066,0.07530741315905587,0.27736786748481634,0.1792705889786781,-1.2207054969381175,-0.9257639619666578,-0.6851229644640728
2014-01-01,17953.974,-1.38277125986406,2.691889030470822,2.6688441672392345,3.603157800546265,2.8260329229231713,1.7294777130152719,2.3426357991532005,2.2443426208650115,2.692439801815875,3.1548238047626853,3.057492830217449,4.556258913735405,3.791283066487874,1.2725914125382058,2.529182561791696,2.5967879147389725,2.9816396251877437,4.079708357140835,3.3086579947055226,1.5010345627767387,2.435909180472448,2.420565267801992,2.8370397135018095,4.074660290334882,4.051615427103295,4.985929060410325,4.208804182787231,3.112248972879332,3.7254070590172605,3.6271138807290715,4.075211061679935,4.537595064626745,4.440264090081509,5.939030173599465,5.174054326351934,2.6553626724022656,3.911953821655756,3.9795591746030325,4.364410885051804,5.462479617004895,4.691429254569583,2.8838058226407988,3.818680440336508,3.803336527666052,4.2198109733658695
2014-04-01,18185.911,5.13427609165973,2.734082025154573,2.6647836147945156,2.073419507557616,4.652172716241882,4.346555896236108,2.834109343736466,2.6558618205152538,1.854901626153898,2.5172437116417252,2.8350954804338575,3.5701743853640657,3.416031259843659,4.967455272344598,2.9140652322953455,2.4432417796527175,4.006723461492523,2.821796946460841,4.034101988042771,4.657005584290353,2.8740872880159056,2.549551800083986,2.930812543823211,-2.4001940665051573,-2.4694924768652147,-3.0608565841021145,-0.4821033754178483,-0.7877201954236224,-2.300166747923264,-2.4784142711444765,-3.2793744655058323,-2.617032380018005,-2.299180611225873,-1.5641017062956646,-1.7182448318160715,-0.1668208193151326,-2.220210859364385,-2.691034312007013,-1.127552630167207,-2.3124791451988895,-1.1001741036169594,-0.4772705073693775,-2.2601888036438247,-2.5847242915757445,-2.2034635478365194
2014-07-01,18406.941,4.83225933031264,1.432885076062653,1.0660117085802059,2.0140608951380927,3.276113249639006,2.4715344660233387,1.983311618056841,2.899198963441858,2.5321547869888046,0.4468425954899973,1.1231887573090802,3.908762161786178,3.6484630298811096,3.5121657261862422,3.951286693661863,5.42679316543632,3.596876188425041,2.9614115284621354,3.462288139760058,2.9918500961047902,2.9672991558593522,4.162996064439088,3.064515487706923,-3.399374254249987,-3.7662476217324343,-2.8181984351745473,-1.556146080673634,-2.3607248642893013,-2.848947712255799,-1.933060366870782,-2.3001045433238354,-4.385416734822643,-3.70907057300356,-0.9234971685264619,-1.1837963004315304,-1.3200936041263978,-0.8809726366507769,0.5945338351236797,-1.2353831418875991,-1.8708478018505046,-1.3699711905525822,-1.8404092342078497,-1.8649601744532878,-0.6692632658735516,-1.767743842605717
2014-10-01,18500.031,2.01783440617334,2.776939834921386,2.9249650818210964,1.7768686816631218,2.1874897269371356,1.3181758208800933,1.9671354517842181,1.8213037370033618,1.376005882782945,1.501961201319965,1.7380203486768762,3.9230694891159437,3.7969034633554117,2.8551794019190613,3.4447840418027753,3.4427900275290035,2.7099925673354983,2.8499690853895325,2.9921965951462735,2.086677611399577,2.705959746793497,2.6320468822661827,2.0429992250592215,0.7591054287480459,0.9071306756477564,-0.24096572451021814,0.16965532076379564,-0.6996585852932466,-0.050698954389121864,-0.1965306691699782,-0.6418285233903951,-0.515873204853375,-0.2798140574964638,1.9052350829426037,1.7790690571820718,0.8373449957457213,1.4269496356294353,1.4249556213556636,0.6921581611621583,0.8321346792161926,0.9743621889729335,0.0688432052262371,0.6881253406201568,0.6142124760928427,0.025164818885881513
2015-01-01,18666.621,3.58581915076996,3.2480678130798295,2.819566525481826,1.9181566428768455,1.8360376034503083,2.073543541171469,2.083190603400274,2.104622775612983,1.790142357259715,1.1147045560176572,1.0381849152178335,3.428159269616517,2.580832849522153,2.7492690570235636,3.4634703100086135,3.0587720065257717,2.930277105591632,2.673157956246681,2.208435226486231,2.411406299097516,2.7733304567044437,2.5816973910693775,2.3602097314256736,-0.33775133769013044,-0.7662526252881339,-1.6676625078931144,-1.7497815473196516,-1.512275609598491,-1.502628547369686,-1.4811963751569768,-1.795676793510245,-2.4711145947523026,-2.5476342355521266,-0.15765988115344287,-1.0049863012478069,-0.8365500937463963,-0.12234884076134644,-0.5270471442441882,-0.6555420451783278,-0.9126611945232788,-1.3773839242837291,-1.174412851672444,-0.8124886940655163,-1.0041217597005825,-1.2256094193442864
2015-04-01,18782.243,2.46997863301459,2.4969466381542165,2.0177840439300936,0.7045172000367882,1.6998110889211469,0.5250862449328421,1.920257336093864,2.4402788404021982,1.7495510051639265,-0.5205885538313659,-1.1111637170423159,3.7173032041106095,2.123786591430537,1.805658808921379,3.1188053636269877,3.011571101311924,2.1520349105240677,2.210910202073699,1.911798840175842,1.1653725269271105,2.5195313498604257,2.7259249708570614,1.950792957843997,0.026968005139626605,-0.4521945890844963,-1.7654614329778018,-0.770167544093443,-1.944892388081748,-0.5497212969207259,-0.02969979261239164,-0.7204276278506634,-2.990567186845956,-3.581142350056906,1.2473245710960197,-0.3461920415840529,-0.6643198240932109,0.6488267306123978,0.5415924682973343,-0.31794372249052216,-0.25906843094089105,-0.558179792838748,-1.3046061060874794,0.04955271684583584,0.25594633784247156,-0.5191856751705928
2015-07-01,18857.418,1.59778484627608,2.585226795923538,2.3998010473159215,0.8535422172798207,1.2910525998107443,0.918949398952516,1.4806228076199477,2.325131903668383,1.0524460097847546,-1.4961590700794354,-2.7309107669315424,3.8765135900896905,3.5054159914342677,2.838265868176834,2.683094627819381,1.7974073436985216,2.224994942436563,2.3650279036847555,2.398234295622506,1.8786076335646749,2.0818587177196646,2.0612696236834522,1.6387204761106589,0.9874419496474582,0.8020162010398415,-0.7442426289962593,-0.3067322464653357,-0.6788354473235639,-0.11716203865613228,0.7273470573923031,-0.5453388364913254,-3.0939439163555154,-4.328695613207622,2.278728743813611,1.9076311451581878,1.2404810219007538,1.085309781543301,0.19962249742244165,0.6272100961604832,0.7672430574086755,0.800449449346426,0.2808227872885949,0.4840738714435846,0.46348477740737226,0.04093562983457888
2015-10-01,18892.206,0.737236690842025,2.4267537509678507,2.1219472459928954,1.3276546025132685,0.9269265541204876,0.28070871798564007,1.3005040611550742,1.576054342843697,1.3471004533460678,2.1381321064787713,-1.18121278815186,3.155177524604864,2.836823483596741,1.6783205853277718,2.1445067524798698,2.964500309220215,2.757014626929628,2.2414160635590665,1.8818750188586144,0.9795146516567059,1.722505406817472,2.270277326031956,2.052057540137848,1.6895170601258256,1.3847105551508703,0.5904179116712435,0.1896898632784626,-0.45652797285638497,0.5632673703130492,0.838817652001672,0.6098637625040427,1.4008954156367461,-1.9184494789938848,2.417940833762839,2.099586792754716,0.9410838944857468,1.4072700616378446,2.2272636183781898,2.019777936087603,1.5041793727170414,1.1446383280165895,0.2422779608146809,0.9852687159754471,1.533040635189931,1.3148208492958227
2016-01-01,19001.69,2.3113866073885,2.0700914535157358,1.8875757845071883,1.4651740567795977,2.6385536330851727,2.0548540146825154,1.2615926035932106,1.627516190325028,0.46686065640024615,2.0021021901594973,1.4246408820651135,3.817657441155103,3.630526237785239,2.718006423027905,2.6832099131952525,1.789363880548642,2.650910415249352,2.6414157489673507,3.134539935435206,2.3864302188552102,1.9724012583942314,1.708440035436835,1.558885535824799,-0.24129515387276435,-0.4238108228813118,-0.8462125506089024,0.32716702569667255,-0.2565325927059847,-1.0497940037952895,-0.6838704170634722,-1.844525950988254,-0.3092844172290028,-0.8867457253233866,1.506270833766603,1.319139630396739,0.40661981563940497,0.3718233058067524,-0.5220227268398581,0.3395238078608518,0.33002914157885055,0.8231533280467058,0.07504361146671013,-0.3389853489942687,-0.6029465719516651,-0.752501071563701
2016-04-01,19062.709,1.28243826506917,1.7453352852617292,1.664168474228921,2.2502712402680487,1.8427314763881355,2.8493707784810907,1.5770216712734382,1.7102601913875317,1.5279919759129716,2.0929336555797136,1.9301478631400641,3.3534216612949295,3.195940423108731,2.951358103403387,2.723741287812796,3.2600704011932744,2.3115218108104365,2.801846450781489,2.519335949748433,2.900364440942239,2.150381479543117,2.485165296290403,1.9197568933617042,0.4628970201925593,0.381730209159751,0.9678329751988788,0.5602932113189656,1.5669325134119207,0.29458340620426826,0.4278219263183618,0.24555371084380173,0.8104953905105436,0.6477095980708942,2.0709833962257598,1.913502158039561,1.6689198383342172,1.4413030227436259,1.9776321361241045,1.0290835457412666,1.519408185712319,1.2368976846792632,1.617926175873069,0.8679432144739472,1.2027270312212333,0.6373186282925343
2016-07-01,19197.938,2.82754367644173,2.024261827292724,2.009341554376986,2.5897866590420593,2.414939254715188,2.080563065025674,1.9934655616041368,1.7743333101875784,1.437192145868344,2.127446093153416,2.3412709210674687,3.5627560805743825,4.623502968368263,2.5952901845237157,2.301138552904919,2.5129881604708952,2.596753152333311,3.0762713698082207,3.5192211115417256,2.3379266247746946,2.147302057254528,2.1436607353292367,2.0169726491008273,-0.8032818491490059,-0.818202122064744,-0.2377570173996708,-0.4126044217265421,-0.7469806114160562,-0.8340781148375933,-1.0532103662541517,-1.390351530573386,-0.7000975832883141,-0.4862727553742614,0.7352124041326524,1.795959291926533,-0.23225349191801437,-0.526405123536811,-0.31455551597083486,-0.23079052410841916,0.2487276933664906,0.6916774350999955,-0.4896170516670355,-0.680241619187202,-0.6838829411124934,-0.8105710273409028
2016-10-01,19304.352,2.21107411448429,1.9382646687423575,1.7343021807138999,1.461231524390241,2.5971884331982764,3.2245416164510203,2.1212800613997236,1.5610472890924436,1.5485491588849123,3.0355544002445716,2.144492343636046,3.4533299703777716,2.9561138753569263,2.7508916232571825,2.574303323931908,3.0659708342765413,2.5634285786970628,2.457280747384006,2.7766511542776016,2.987716619854101,2.3477916926658158,2.3135090616844924,2.0559888687909877,-0.27280944574193255,-0.4767719337703902,-0.7498425900940491,0.3861143187139864,1.0134675019667303,-0.08979405308456645,-0.6500268253918464,-0.6625249555993777,0.8244802857602815,-0.06658177084824413,1.2422558558934815,0.7450397608726362,0.5398175087728925,0.36322920944761794,0.8548967197922512,0.3523544642127727,0.24620663289971612,0.5655770397933115,0.7766425053698112,0.13671757818152575,0.10243494720020241,-0.1550852456933023
2017-01-01,19398.343,1.94283493241443,2.205597098132551,2.0645582826575537,2.3425904792871073,1.7401364023933663,2.5142290332013273,1.6233015952430163,1.6546661615513536,2.5344689308916197,2.568387999710971,2.7291012555045238,2.902717386999226,2.426619015426463,2.0528446307209345,2.307932867341936,2.4312493333006944,2.131249976163467,2.622653933143167,2.0833777089099144,2.283536831961131,1.9656172312924762,2.042957747426024,2.3328594535275435,0.26276216571812094,0.12172335024312364,0.3997555468726772,-0.20269853002106375,0.5713941007868972,-0.31953333717141374,-0.28816877086307646,0.5916339984771897,0.6255530672965408,0.7862663230900937,0.9598824545847959,0.4837840830120328,0.11000969830650442,0.3650979349275061,0.4884144008862643,0.18841504374903684,0.6798190007287368,0.1405427764954843,0.3407018995467008,0.02278229887804617,0.10012281501159404,0.3900245211131135
2017-04-01,19506.949,2.23324440519121,2.053001871594586,2.011549789000171,2.1179651163096223,2.0231020667463846,1.8290445161917863,1.919860436232764,2.0624244562255423,2.0149736735741186,1.9728697860398725,1.5751596311932303,3.9683641190214747,4.420789326962668,1.8286656743655039,2.1096584688553452,2.054377829486078,1.8483879585909007,3.0431646176655485,3.221945696854526,1.828855095278645,2.0147594525440544,2.05840114285581,1.9316808160825096,-0.180242533596624,-0.22169461619103892,-0.11527928888158767,-0.21014233844482533,-0.4041998889994236,-0.3133839689584459,-0.17081994896566766,-0.21827073161709132,-0.2603746191513374,-0.6580847739979796,1.7351197138302648,2.1875449217714578,-0.40457873082570606,-0.12358593633586468,-0.17886657570513176,-0.38485644660030927,0.8099202124743385,0.988701291663316,-0.40438930991256483,-0.2184849526471555,-0.1748432623353997,-0.3015635891087003
2017-07-01,19660.766,3.14172610273928,1.98577677316028,1.8788654234382682,1.8007841630876087,1.3198135258701285,0.7840570421415397,1.7881626650467097,2.094750336621694,2.0768437350442253,2.630484203482347,2.4718034134142854,2.187862395760411,3.3468183463509296,1.9466978478224986,2.5660789954687315,2.1328764956500375,2.4486047963049398,1.9943232794240098,2.333315936110529,1.365377444982019,2.1771208302577207,2.1138134161358657,2.2627242656745823,-1.155949329579,-1.2628606793010118,-1.3409419396516713,-1.8219125768691515,-2.35766906059774,-1.3535634376925703,-1.046975766117586,-1.0648823676950547,-0.511241899256933,-0.6699226893249945,-0.9538637069788689,0.20509224361164957,-1.1950282549167814,-0.5756471072705485,-1.0088496070892425,-0.6931213064343402,-1.1474028233152702,-0.8084101666287511,-1.776348657757261,-0.9646052724815593,-1.0279126866034143,-0.8790018370646977
2017-10-01,19882.352,4.48297110775755,2.01097107615251,1.9378402135235528,1.4287183585072671,2.4561535697162014,2.6807835689360906,1.8812867092133196,1.948992247682908,1.7299169219957902,2.2708877280392623,2.0143315651265463,4.5213488981469245,4.145856203619204,2.6227500926358003,2.4092209841461796,2.2327129781766404,1.8311743395761106,2.975033628327096,3.3010048866677026,2.651766830785945,2.1452538466797497,2.0908526129297744,1.7805456307859504,-2.4720000316050394,-2.5451308942339965,-3.0542527492502822,-2.0268175380413482,-1.802187538821459,-2.60168439854423,-2.5339788600746416,-2.7530541857617594,-2.2120833797182873,-2.4686395426310033,0.038377790389374944,-0.3371149041383452,-1.8602210151217493,-2.07375012361137,-2.250258129580909,-2.651796768181439,-1.5079374794304536,-1.181966221089847,-1.8312042769716044,-2.3377172610778,-2.392118494827775,-2.702425476971599
2018-01-01,20044.077,3.24047781966783,2.2757578742428444,2.251747829219511,2.302156327256548,2.8723675490459915,2.312006197307394,1.5072128384943795,2.5137029151800436,2.289417894389962,3.0409299706680173,2.781812958246475,2.9411200294552127,4.3233244552083585,2.481506774789595,1.901420193140728,2.168131003161813,2.697831415067209,2.62163817835588,3.597846002127175,2.3967564860484947,1.7043165158175537,2.3409169591709285,2.4936246547285856,-0.9647199454249855,-0.9887299904483187,-0.9383214924112817,-0.36811027062183843,-0.9284716223604357,-1.7332649811734504,-0.7267749044877863,-0.951059925277868,-0.1995478489998126,-0.4586648614213549,-0.2993577902126172,1.0828466355405286,-0.7589710448782347,-1.339057626527102,-1.072346816506017,-0.542646404600621,-0.6188396413119497,0.3573681824593451,-0.8437213336193352,-1.5361613038502762,-0.8995608604969014,-0.7468531649392443
2018-04-01,20150.476,2.11768492150739,2.6095413167255215,2.5855116551396127,1.976155865397067,2.1571414134131435,2.6896390343461642,2.305383735618788,2.6627230936261217,1.6245524136721579,3.0592151109026617,2.654815431786858,2.575583613937012,2.755895005201466,3.2052906619864014,2.650114523918958,2.7420675861104247,2.623145336302788,2.2758697396670393,2.456518209307305,2.947464848166283,2.477749129768873,2.702395339868273,2.123848874987473,0.4918563952181314,0.4678267336322226,-0.14152905611032307,0.0394564919057534,0.5719541128387742,0.187698814111398,0.5450381721187316,-0.4931325078352322,0.9415301893952717,0.5371305102794679,0.4578986924296218,0.6382100836940761,1.0876057404790114,0.5324296024115678,0.6243826646030346,0.5054604147953978,0.15818481815964924,0.33883328779991473,0.829779926658893,0.3600642082614831,0.5847104183608831,0.006163953480082807
2018-07-01,20276.154,2.48704193009033,2.43080314214628,2.308654525523152,1.6902985727104933,2.299130068520896,2.298470040424792,2.037885296038539,2.2969510836426275,2.135231691885438,2.860740663230849,2.780782571564011,2.9266931178157045,2.53116544763901,3.026586216850564,2.8319044361540655,2.54707757099494,3.4631990341434,2.308495845263099,2.4151477580799527,2.6625281286376783,2.434894866096302,2.4220143273187835,2.7992153630144188,-0.05623878794405002,-0.17838740456717828,-0.7967433573798368,-0.18791186156943418,-0.18857188966553817,-0.44915663405179096,-0.1900908464477027,-0.3518102382048922,0.37369873314051905,0.29374064147368095,0.43965118772537437,0.044123517548679825,0.539544286760234,0.34486250606373536,0.06003564090460989,0.9761571040530699,-0.17854608482723133,-0.0718941720103774,0.17548619854734815,-0.05214706399402802,-0.06502760277154662,0.3121734329240886
2018-10-01,20304.874,0.566175993273532,2.135562163147877,1.9522377872756327,1.7049628715395688,0.8275739139494487,0.5132638840512219,1.485416762482556,2.31053016841822,1.8441905464369384,2.181477836399274,2.2429505874972118,2.196322701384049,0.25604032278706934,1.4916637594172004,2.8264872675229498,3.353586501293858,2.0340201672790705,1.9506427864618088,0.541807118368259,1.0024638217342112,2.155952015002753,2.832058334856039,1.9391053568580046,1.5693861698743452,1.3860617940021007,1.1387868782660369,0.2613979206759167,-0.052912109222310044,0.9192407692090241,1.7443541751446878,1.2780145531634064,1.615301843125742,1.6767745942236798,1.630146708110517,-0.3101356704864626,0.9254877661436685,2.2603112742494176,2.7874105080203258,1.4678441740055386,1.3844667931882768,-0.024368874905272953,0.43628782846067926,1.589776021729221,2.2658823415825067,1.3729293635844726
2019-01-01,20431.641,2.48950916290696,2.162926396335015,2.029276156059794,0.8152087746050619,1.278187855696594,2.1674208630557583,1.7744146484531198,1.2060808861700336,0.6991901236368528,2.0049591560842113,1.8530299857291934,-0.17214090733090687,1.7691521632157516,2.3473369485972966,1.8276785377177232,1.9164180279778669,2.5721495047458287,0.3215339336370775,1.5236700094561728,2.2573789058265277,1.8010465930854216,1.5612494570739504,1.6356698141913408,-0.32658276657194474,-0.46023300684716606,-1.6743003883018979,-1.211321307210366,-0.3220882998512016,-0.7150945144538401,-1.2834282767369263,-1.790319039270107,-0.4845500068227486,-0.6364791771777665,-2.661650070237867,-0.7203569996912083,-0.14217221430966331,-0.6618306251892367,-0.573091134929093,0.08264034183886881,-2.1679752292698824,-0.9658391534507871,-0.23213025708043222,-0.6884625698215383,-0.9282597058330095,-0.8538393487156191
2019-04-01,20602.275,3.32671117315826,1.8356976871766881,1.6773582503033095,2.242202796552495,2.8939979539373137,2.697872563100083,1.1333619776931987,1.892395629454396,2.4660324939524467,2.0421341150191306,2.1445814539912145,-0.5187493612605971,-0.10098783126086806,3.582394893547484,2.4988226491815997,2.619389386910511,3.6638451943030357,0.8617267176459489,1.3965050613382228,3.140133728323783,1.8160923134373992,2.2558925081824537,3.064938844127741,-1.491013485981572,-1.6493529228549506,-1.0845083766057653,-0.4327132192209464,-0.6288386100581773,-2.1933491954650615,-1.4343155437038642,-0.8606786792058134,-1.2845770581391296,-1.1821297191670457,-3.8454605344188573,-3.4276990044191282,0.2556837203892237,-0.8278885239766605,-0.707321786247749,0.33713402114477553,-2.4649844555123113,-1.9302061118200373,-0.18657744483447702,-1.510618859720861,-1.0708186649758065,-0.26177232903051895
2019-07-01,20843.322,4.65284103236385,2.111656470228339,2.063229156805499,2.9459535926254157,2.738696497436909,2.8805344474574905,2.113255617024888,2.35641321094684,1.209954229894426,1.897575294398237,1.8739120606883473,2.1724604779337495,1.9080048774678335,3.235427202482347,3.5469076287734187,3.657891283873313,3.0945925508410346,2.5592070352795826,2.323350687452371,3.0579808249699187,2.8300816228991534,3.0071522474100765,2.1522733903677302,-2.541184562135511,-2.589611875558351,-1.7068874397384342,-1.9141445349269408,-1.7723065849063593,-2.5395854153389616,-2.29642782141701,-3.442886802469424,-2.7552657379656127,-2.7789289716755023,-2.4803805544301003,-2.7448361548960163,-1.4174138298815029,-1.1059334035904311,-0.9949497484905367,-1.5582484815228153,-2.0936339970842672,-2.3294903449114788,-1.594860207393931,-1.8227594094646964,-1.6456887849537734,-2.5005676419961196
2019-10-01,20985.448,2.71825438722146,2.4205826049517287,2.2472427553348395,2.210349538449261,2.1196631368563716,2.4523288146246975,2.836405902724876,2.8543842008425724,2.0274833125180747,2.418117030194658,2.4513249015798664,1.7752974458628257,2.143498716744989,2.5451999330634565,3.0867678594347905,2.978465196721669,2.702356934086581,1.9928234921560435,2.1315809268006802,2.498764373844077,2.961586881079833,2.9164246987821207,2.364920123302328,-0.29767178226973146,-0.47101163188662065,-0.5079048487721991,-0.5985912503650885,-0.26592557259676264,0.11815151550341563,0.1361298136211122,-0.6907710747033855,-0.3001373570268022,-0.2669294856415938,-0.9429569413586345,-0.5747556704764714,-0.1730544541580037,0.3685134722133303,0.2602108095002089,-0.015897453134879225,-0.7254308950654167,-0.58667346042078,-0.21949001337738316,0.24333249385837297,0.19817031156066056,-0.35333426391913214
2021-04-01,21389.005,6.23138870606965,-2.494753934452795,1.1721354482590052,0.6479347982140625,0.952898950046536,3.1274124826478307,2.8593920229242196,1.9251818401490086,0.7839489463655888,1.2841679946675126,0.30935200722451095,3.420601953594499,2.9263466634858752,5.082567980036497,0.2598890820583932,0.6709702212301996,4.616079458512811,2.0342683759042806,1.9396228067662056,4.104990231342164,1.5596405524913064,1.2980760306896042,2.7000142024392,-8.726142640522445,-5.059253257810645,-5.583453907855588,-5.278489756023114,-3.103976223421819,-3.37199668314543,-4.306206865920641,-5.447439759704061,-4.947220711402137,-5.9220366988451385,-2.810786752475151,-3.3050420425837745,-1.1488207260331524,-5.971499624011257,-5.560418484839451,-1.615309247556839,-4.197120330165369,-4.291765899303444,-2.1263984747274858,-4.671748153578344,-4.933312675380046,-3.53137450363045
2021-07-01,21571.421,3.39693272714356,1.5936841453522588,1.7257885868595106,0.5687469354849712,3.626236037543115,5.072466166304631,2.093204243736407,2.5045555291302937,1.244942741076354,-8.93603332030713,-5.549313578932848,2.30876965998409,-0.11381110568391309,4.6140563304741855,4.838804891623556,4.480500451908986,2.2203183714634465,1.4387582977345306,1.7562124659296008,4.843261248389409,3.4660045676799816,3.4925279905196396,1.7326305562699003,-1.8032485817913013,-1.6711441402840495,-2.828185791658589,0.22930331039955476,1.6755334391610708,-1.303728483407153,-0.8923771980132664,-2.151989986067206,-12.33296604745069,-8.946246306076407,-1.0881630671594702,-3.5107438328274734,1.2171236033306254,1.4418721644799959,1.0835677247654258,-1.1766143556801136,-1.9581744294090295,-1.6407202612139593,1.4463285212458485,0.06907184053642146,0.09559526337607949,-1.6643021708736598
2021-10-01,21960.388,7.14837928289285,1.5029670611962265,1.694156027161325,0.8930708035510503,2.616760527976231,4.557920332183451,2.072312388489643,1.4316085474262683,0.8839480971146652,-3.5263994688760114,2.822639406772206,2.506753540585396,2.469338120176866,3.310804727113707,2.2203837030842637,3.158224629014224,1.8476767776075724,1.699912172068223,2.5430493240765486,3.934362529648579,2.1463480457869535,2.294916588220246,1.365812437361119,-5.645412221696623,-5.454223255731525,-6.2553084793417995,-4.531618754916619,-2.590458950709399,-5.076066894403207,-5.716770735466581,-6.264431185778185,-10.674778751768862,-4.325739876120644,-4.641625742307454,-4.6790411627159845,-3.8375745557791427,-4.927995579808586,-3.990154653878626,-5.300702505285278,-5.448467110824627,-4.605329958816301,-3.214016753244271,-5.002031237105896,-4.853462694672604,-5.782566845531731
2022-01-01,21903.85,-1.03114580601584,1.7900739091360522,1.9176249321110805,0.49300876766783774,0.019116105676054054,1.5482268360737008,2.5286286420317587,1.9308966823806615,1.3724499044859906,4.512266162216555,8.451218027743707,2.7283377023767654,2.755244232261814,2.9512816453996256,1.5054048630919183,2.20073274330616,2.729798018277242,1.6106732350223016,1.387180168968934,2.2497542407366633,2.0170167525618385,2.0658147128434106,2.0511239613816166,2.8212197151518925,2.9487707381269206,1.5241545736836777,1.050261911691894,2.579372642089541,3.559774448047599,2.9620424883965013,2.403595710501831,5.5434119682323955,9.482363833759546,3.7594835083926057,3.786390038277654,3.9824274514154654,2.5365506691077586,3.2318785493220004,3.760943824293082,2.6418190410381417,2.418325974984774,3.280900046752503,3.048162558577679,3.096960518859251,3.082269767397457
2022-04-01,21919.222,0.280619316335873,1.5348402193117778,1.7211480172258742,0.917675611857468,1.609514252173836,2.836973811301305,2.6185390424666153,2.102581733898644,1.1125138700839712,0.22201424402278822,1.0682619606222878,2.73603158705582,2.569098220434656,1.9209427753806656,2.734738632980394,2.9151303804918167,2.116702884138667,1.8268535994566442,2.089306236304246,2.378958293340985,2.6766388377235044,2.5088560571952305,1.614608377111319,1.2542209029759048,1.4405287008900012,0.637056295521595,1.328894935837963,2.556354494965432,2.3379197261307425,1.8219624175627709,0.8318945537480982,-0.05860507231308479,0.7876426442864148,2.455412270719947,2.288478904098783,1.6403234590447926,2.4541193166445208,2.6345110641559435,1.8360835678027938,1.5462342831207712,1.808686919968373,2.0983389770051124,2.3960195213876316,2.2282367408593577,1.333989060775446
2022-07-01,22066.784,2.68380909282229,1.8968537972723016,2.2029592159677875,1.5351333708580333,3.730409829232474,3.270518554178226,2.1242099155490113,1.3001383983888746,1.585344533026208,2.087725685487179,1.8214706922130823,2.3708793379546886,3.291977758184443,2.1462683665409057,2.0242339751475633,2.177476874363446,2.2342741035525076,1.953006354406361,3.5111937937084585,2.7083934603595656,2.0742219453482873,1.7388076363761602,1.9098093182893576,-0.7869552955499883,-0.4808498768545024,-1.1486757219642567,1.0466007364101841,0.586709461355936,-0.5595991772732787,-1.3836706944334154,-1.098464559796082,-0.5960834073351111,-0.8623384006092076,-0.31292975486760133,0.608168665362153,-0.5375407262813843,-0.6595751176747267,-0.5063322184588439,-0.4495349892697824,-0.730802738415929,0.8273847008861686,0.024584367537275664,-0.6095871474740027,-0.9450014564461298,-0.7739997745329323
2022-10-01,22249.459,3.29768089145688,2.1139680206155034,2.0691350572635803,1.521839434132875,0.7673417302702608,1.6016285170032438,1.0366609891396232,3.121190610308427,1.618399039291136,1.3329525319890017,2.042493396406655,3.0248945321622966,3.0941243698758676,2.6004882768157693,2.1575738015274224,2.259636438890487,2.4873639516313317,2.273366983147586,1.9307330500730642,2.1010583969095067,1.5971173953335227,2.6904135245994567,2.052881495461234,-1.1837128708413767,-1.2285458341932998,-1.7758414573240051,-2.5303391611866193,-1.6960523744536362,-2.2610199023172566,-0.17649028114845322,-1.679281852165744,-1.9647283594678784,-1.255187495050225,-0.2727863592945834,-0.20355652158101245,-0.6971926146411107,-1.1401070899294576,-1.038044452566393,-0.8103169398255483,-1.0243139083092943,-1.3669478413838159,-1.1966224945473733,-1.7005634961233573,-0.6072673668574233,-1.244799395995646
2023-01-01,22403.435,2.75864064349634,1.8920932184807397,1.9038033465662132,1.5986635161511624,1.5946782666277395,0.27210279882775196,1.4771585141555603,2.1500783503057415,1.871099764999019,2.7883479006790055,1.2627881642301657,2.960851058919563,2.3844746910217567,2.4167580471685657,2.571952381176986,2.59749517856156,2.436268548174455,2.2797572875353627,1.989576478824748,1.3444304229981587,2.0245554476662733,2.3737867644336506,2.153684156586737,-0.8665474250156002,-0.8548372969301268,-1.1599771273451775,-1.1639623768686005,-2.486537844668588,-1.2814821293407797,-0.6085622931905985,-0.8875408784973209,0.029707257182665536,-1.4958524792661743,0.20221041542322293,-0.3741659524745833,-0.3418825963277743,-0.18668826231935398,-0.16114546493477988,-0.32237209532188515,-0.4788833559609773,-0.7690641646715919,-1.4142102204981812,-0.7340851958300667,-0.3848538790626894,-0.6049564869096029
2023-04-01,22539.418,2.42055687861509,1.757614380425196,1.855873286406059,2.8852822255422077,2.218447959130006,1.8341664566969667,2.1955276716050522,2.163384855522536,1.0906557289077445,1.1811795853096854,1.415746864800247,2.4928042814273232,2.716944930961029,2.7742926160531316,2.228684911548238,2.4288365630064592,2.4641176188737175,2.6890432534847655,2.4676964450455174,2.304229536375049,2.212106291576645,2.2961107092644975,1.7773866738907311,-0.6629424981898939,-0.564683592209031,0.46472534692711776,-0.20210891948508403,-0.5863904219181233,-0.2250292070100377,-0.2571720230925538,-1.3299011497073454,-1.2393772933054046,-1.004810013814843,0.0722474028122333,0.296388052345939,0.35373573743804165,-0.19187196706685183,0.00827968439136928,0.04356074025862755,0.2684863748696755,0.04713956643042749,-0.11632734224004082,-0.208450587038445,-0.1244461693505925,-0.6431702047243588
2023-07-01,22780.933,4.26329065797901,1.736832938335095,1.9058174954358045,2.0630405873592537,2.4611114030708166,1.5712496819073487,2.542975283525533,1.022943635853702,2.023374372989729,-3.889843153609251,-2.5687420694797463,2.5229475792338154,3.351459701309321,3.2850778175844613,2.409719216990687,2.688378197258465,3.7458287624874975,2.2929940832965343,2.906285552190069,2.428163749745905,2.47634725025811,1.8556609165560833,2.8846015677386134,-2.5264577196439157,-2.357473162543206,-2.2002500706197567,-1.8021792549081939,-2.6920409760716617,-1.7203153744534774,-3.2403470221253086,-2.2399162849892815,-8.153133811588262,-6.832032727458756,-1.740343078745195,-0.9118309566696894,-0.9782128403945491,-1.8535714409883233,-1.5749124607205456,-0.5174618954915129,-1.970296574682476,-1.3570051057889416,-1.8351269082331054,-1.7869434077209005,-2.407629741422927,-1.378689090240397
2023-10-01,22960.6,3.14231574158867,1.831711005243274,1.8884420285369172,1.9440352133570085,0.94195091131689,2.518366440230994,2.1159072726872874,1.9771420269080882,2.6842938833924146,-0.07129381024901728,-4.403306570933543,2.848672463537099,2.605217456217829,2.759762269941216,3.6718075998609288,3.5869455617522914,2.642464748742815,2.3963538384470535,1.7735841837673596,2.639064355086105,2.893857436274108,2.78204379433019,2.6633793160676147,-1.310604736345396,-1.2538737130517528,-1.1982805282316615,-2.2003648302717798,-0.6239493013576758,-1.0264084689013826,-1.1651737146805818,-0.4580218581962554,-3.2136095518376875,-7.545622312522212,-0.293643278051571,-0.537098285370841,-0.3825534716474541,0.5294918582722588,0.4446298201636214,-0.4998509928458552,-0.7459619031416165,-1.3687315578213104,-0.5032513865025652,-0.24845830531456192,-0.3602719472584801,-0.4789364255210553
2024-01-01,23053.545,1.61594007943791,1.7532534989654982,1.8044489343685401,2.221101997754992,2.194581649978079,0.6849084675133823,2.0373260978605647,2.2697258766385073,2.6977170981426735,1.276355569945885,-8.374955636706039,3.62964532437664,4.705098709045864,2.169600026822826,2.6592897628642596,2.181980900026023,2.649592272033074,2.925373661065816,3.4498401795119715,1.4272542471681042,2.348307930362412,2.225853388332265,2.6736546850878735,0.13731341952758824,0.1885088549306302,0.605161918317082,0.5786415705401688,-0.9310316119245277,0.4213860184226548,0.6537857972005974,1.0817770187047635,-0.3395845094920249,-9.99089571614395,2.0137052449387296,3.0891586296079545,0.5536599473849162,1.0433496834263496,0.5660408205881129,1.033652192595164,1.309433581627906,1.8339001000740616,-0.18868583226980573,0.7323678509245022,0.6099133088943549,1.0577146056499636
2024-04-01,23223.906,2.94505018576459,1.733497333912659,1.9204880297547595,3.0420094077948847,2.3084174350969384,1.5300407041668758,2.5024305563786715,2.364063588406956,2.5427856106148345,2.6204636958826977,0.9984090379150012,2.463440230276337,3.088541623230066,2.120830434653566,2.7887664713887004,2.342217377032702,2.4118492797934072,2.7527248190356106,2.698479529163502,1.825435569410221,2.645598513883686,2.3531404827198292,2.477317445204121,-1.2115528518519312,-1.0245621560098306,0.09695922203029461,-0.6366327506676517,-1.4150094815977143,-0.4426196293859186,-0.5809865973576342,-0.40226457514975555,-0.3245864898818924,-1.9466411478495889,-0.48160995548825314,0.14349143746547588,-0.8242197511110243,-0.15628371437588973,-0.6028328087318879,-0.5332009059711829,-0.19232536672897949,-0.2465706566010879,-1.1196146163543692,-0.29945167188090416,-0.5919097030447609,-0.4677327405604692
2024-07-01,23400.294,3.02656288407448,1.9143530224834546,2.0050521542703663,2.670329625346173,2.333571292330875,2.7245044396879763,2.282489213939372,2.16856253273322,2.4693514830349494,2.975684738417512,2.9182246390601336,3.3356381858059496,3.185025014702116,2.9300599807422607,2.247677324811307,2.2371097879470287,2.3964898386069127,3.002983905576061,2.7592981535164958,2.8272822102151185,2.2650832693753395,2.2028361603401243,2.432920660820931,-1.1122098615910254,-1.0215107298041137,-0.35623325872830724,-0.6929915917436049,-0.30205844438650375,-0.7440736701351081,-0.8580003513412602,-0.5572114010395306,-0.05087814565696824,-0.10833824501434641,0.3090753017314696,0.15846213062763592,-0.09650290333221934,-0.7788855592631729,-0.7894530961274513,-0.6300730454675674,-0.023578978498418834,-0.2672647305579843,-0.19928067385936155,-0.7614796146991405,-0.8237267237343557,-0.593642223253549
2024-10-01,23542.349,2.42091922478735,,,2.489600099359799,2.1200080298044828,,2.121645542697257,2.5810413202272735,,,,2.3726471975773076,0.5505517074187347,,2.804538205268815,2.857319191723551,,2.431123648468553,1.3352798686116087,,2.4630918739830356,2.719180255975412,,,,0.06868087457244876,-0.30091119498286734,,-0.2992736820900932,0.1601220954399234,,,,-0.048272027210042534,-1.8703675173686154,,0.3836189804814647,0.4363999669362011,,0.01020442368120289,-1.0856393561757414,,0.04217264919568553,0.298261031188062,
