"date","GDP","gdp_growth","gdp_growth_lag1","gdp_growth_lag2","gdp_growth_lag3","gdp_growth_lag4","Nonfarm_Payrolls","Construction_Spending","Trade_Balance_lag1","Industrial_Production_lag1","Industrial_Production_lag3","Housing_Starts","Capacity_Utilization","New_Orders_Durable_Goods","Interest_Rate_lag1","Unemployment","junk_bond_spread","junk_bond_spread_lag1","junk_bond_spread_lag2","junk_bond_spread_lag3","junk_bond_spread_lag4","dummy"
2025-09-01,NA,NA,NA,NA,NA,NA,NA,NA,NA,NA,NA,NA,NA,NA,NA,NA,NA,NA,NA,NA,NA,0
2025-08-01,NA,NA,NA,NA,NA,NA,NA,NA,NA,NA,NA,NA,NA,NA,NA,NA,NA,NA,NA,NA,NA,0
2025-07-01,NA,NA,NA,NA,2.31801056343031,3.02656288407448,NA,NA,NA,NA,NA,NA,NA,NA,NA,NA,NA,NA,NA,NA,NA,0
2025-06-01,NA,NA,NA,NA,NA,NA,NA,NA,NA,NA,NA,NA,NA,NA,NA,NA,NA,NA,NA,NA,0.6,0
2025-05-01,NA,NA,NA,NA,NA,NA,NA,NA,NA,NA,104.2062,NA,NA,NA,NA,NA,NA,NA,NA,0.6,0.62,0
2025-04-01,NA,NA,NA,2.31801056343031,3.02656288407448,2.94505018576459,NA,NA,NA,NA,103.435,NA,NA,NA,NA,NA,NA,NA,0.6,0.62,0.6,0
2025-03-01,NA,NA,NA,NA,NA,NA,NA,NA,NA,104.2062,103.1654,NA,NA,NA,0,NA,NA,0.6,0.62,0.6,0.640000000000001,0
2025-02-01,NA,NA,NA,NA,NA,NA,26,NA,-33320,103.435,102.0231,151,78.1877,NA,-0.15,0.0999999999999996,0.6,0.62,0.6,0.640000000000001,0.68,0
2025-01-01,NA,NA,2.31801056343031,3.02656288407448,2.94505018576459,1.61594007943791,-198,-3445,-19823,103.1654,102.2669,-176,77.709,8741,-0.159999999999999,-0.0999999999999996,0.62,0.6,0.640000000000001,0.68,0.74,0
2024-12-01,NA,NA,NA,NA,NA,NA,62,11189,-4512,102.0231,102.5954,221,77.6044,-4970,-0.19,-0.100000000000001,0.6,0.640000000000001,0.68,0.74,0.73,0
2024-11-01,NA,NA,NA,NA,NA,NA,217,8169,11287,102.2669,103.0196,-39,76.8424,-5728,-0.3,0.100000000000001,0.640000000000001,0.68,0.74,0.73,0.72,0
2024-10-01,23536.293,2.31801056343031,3.02656288407448,2.94505018576459,1.61594007943791,3.14231574158867,-196,34200,-13570,102.5954,102.5192,-11,77.1206,2138,-0.2,0,0.68,0.74,0.73,0.72,0.69,0
2024-09-01,NA,NA,NA,NA,NA,NA,169,-19705,8442,103.0196,103.2534,-24,77.4591,-1047,0,-0.100000000000001,0.74,0.73,0.72,0.69,0.7,0
2024-08-01,NA,NA,NA,NA,NA,NA,-17,18993,-5706,102.5192,102.9797,117,77.8658,-2464,0,0,0.73,0.72,0.69,0.7,0.72,0
2024-07-01,23400.294,3.02656288407448,2.94505018576459,1.61594007943791,3.14231574158867,4.26329065797901,1,-831,2452,103.2534,102.3568,-67,77.5681,25878,0,0.100000000000001,0.72,0.69,0.7,0.72,0.74,0
2024-06-01,NA,NA,NA,NA,NA,NA,-106,-24241,-727,102.9797,102.5186,14,78.1993,-19446,0,0.0999999999999996,0.69,0.7,0.72,0.74,0.739999999999999,0
2024-05-01,NA,NA,NA,NA,NA,NA,75,5032,-7358,102.3568,102.7267,-62,78.0627,250,0,0.1,0.7,0.72,0.74,0.739999999999999,0.81,0
2024-04-01,23223.906,2.94505018576459,1.61594007943791,3.14231574158867,4.26329065797901,2.42055687861509,-128,27408,794,102.5186,101.483,78,77.6572,641,0,0,0.72,0.74,0.739999999999999,0.81,0.899999999999999,0
2024-03-01,NA,NA,NA,NA,NA,NA,24,2021,-2482,102.7267,102.6309,-247,77.8455,2231,0,0,0.74,0.739999999999999,0.81,0.899999999999999,1.01,0
2024-02-01,NA,NA,NA,NA,NA,NA,103,11521,-1944,101.483,102.8868,170,78.0707,3327,0,0.2,0.739999999999999,0.81,0.899999999999999,1.01,1.02,0
2024-01-01,23053.545,1.61594007943791,3.14231574158867,4.26329065797901,2.42055687861509,2.75864064349634,-150,20937,-161,102.6309,102.5781,-192,77.1945,-10859,0,-0.0999999999999996,0.81,0.899999999999999,1.01,1.02,1.03,0
2023-12-01,NA,NA,NA,NA,NA,NA,128,10602,-421,102.8868,103.3081,58,78.1414,-13242,0,0.0999999999999996,0.899999999999999,1.01,1.02,1.03,1.07,0
2023-11-01,NA,NA,NA,NA,NA,NA,-45,19554,-2111,102.5781,103.0951,145,78.4172,21618,0,-0.2,1.01,1.02,1.03,1.07,1.08,0
2023-10-01,22960.6,3.14231574158867,4.26329065797901,2.42055687861509,2.75864064349634,3.29768089145688,28,15920,-2591,103.3081,103.0722,2,78.2711,-11862,0,0.1,1.02,1.03,1.07,1.08,1.1,0
2023-09-01,NA,NA,NA,NA,NA,NA,1,7802,4976,103.0951,102.3809,58,78.9282,5566,0.21,0.0999999999999996,1.03,1.07,1.08,1.1,1.1,0
2023-08-01,NA,NA,NA,NA,NA,NA,9,20002,199,103.0722,102.9809,-168,78.8773,-510,0.04,0.2,1.07,1.08,1.1,1.1,1.06,0
2023-07-01,22780.933,4.26329065797901,2.42055687861509,2.75864064349634,3.29768089145688,2.68380909282229,-109,4399,1260,102.3809,103.2241,58,78.986,-9030,0.0200000000000005,-0.1,1.08,1.1,1.1,1.06,1.11,0
2023-06-01,NA,NA,NA,NA,NA,NA,30,11182,6690,102.9809,102.8143,-168,78.5968,7564,0.23,0,1.1,1.1,1.06,1.11,1.03,0
2023-05-01,NA,NA,NA,NA,NA,NA,11,21539,-12435,103.2241,102.8003,215,79.2151,534,0.18,0.2,1.1,1.06,1.11,1.03,1.1,0
2023-04-01,22539.418,2.42055687861509,2.75864064349634,3.29768089145688,2.68380909282229,0.280619316335873,131,25499,10200,102.8143,102.7476,26,79.5726,6041,0.0800000000000001,-0.1,1.06,1.11,1.03,1.1,1.16,0
2023-03-01,NA,NA,NA,NA,NA,NA,-221,19843,-561,102.8003,101.8266,-62,79.4362,6404,0.24,-0.1,1.11,1.03,1.1,1.16,1.17,0
2023-02-01,NA,NA,NA,NA,NA,NA,-138,12648,802,102.7476,103.1058,43,79.6087,-6530,0.23,0.1,1.03,1.1,1.16,1.17,1.16,0
2023-01-01,22403.435,2.75864064349634,3.29768089145688,2.68380909282229,0.280619316335873,-1.03114580601584,318,9913,-8201,101.8266,103.4442,21,79.7542,2255,0.32,0,1.1,1.16,1.17,1.16,1.1,0
2022-12-01,NA,NA,NA,NA,NA,NA,-171,8976,12705,103.1058,103.5326,-80,79.2286,5489,0.7,-0.1,1.16,1.17,1.16,1.1,1.08,0
2022-11-01,NA,NA,NA,NA,NA,NA,-103,5572,-4049,103.4442,103.1703,-20,80.4107,-6529,0.52,0,1.17,1.16,1.1,1.08,1.15,0
2022-10-01,22249.459,3.29768089145688,2.68380909282229,0.280619316335873,-1.03114580601584,7.14837928289285,173,-6458,-2695,103.5326,103.0505,-30,80.8551,7683,0.23,0.1,1.16,1.1,1.08,1.15,1.03,0
2022-09-01,NA,NA,NA,NA,NA,NA,-10,-1078,2518,103.1703,102.8224,-50,81.0936,-4676,0.65,-0.1,1.1,1.08,1.15,1.03,0.99,0
2022-08-01,NA,NA,NA,NA,NA,NA,-459,-10532,10175,103.0505,102.9659,128,80.9637,362,0.47,0.1,1.08,1.15,1.03,0.99,0.9,0
2022-07-01,22066.784,2.68380909282229,0.280619316335873,-1.03114580601584,7.14837928289285,3.39693272714356,235,7769,3040,102.8224,102.9024,-150,81.0054,4094,0.44,-0.1,1.15,1.03,0.99,0.9,0.86,0
2022-06-01,NA,NA,NA,NA,NA,NA,220,-12524,1121,102.9659,102.6732,2,80.9375,658,0.44,0,1.03,0.99,0.9,0.86,0.72,0
2022-05-01,NA,NA,NA,NA,NA,NA,-64,12410,16538,102.9024,101.8458,-288,81.1363,-1479,0.13,-0.1,0.99,0.9,0.86,0.72,0.65,0
2022-04-01,21919.222,0.280619316335873,-1.03114580601584,7.14837928289285,3.39693272714356,6.23138870606965,-166,39573,-14844,102.6732,101.2146,150,81.1458,1982,0.12,0,0.9,0.86,0.72,0.65,0.65,0
2022-03-01,NA,NA,NA,NA,NA,NA,-398,25876,-1505,101.8458,101.1948,-64,80.9989,-413,0,-0.0999999999999996,0.86,0.72,0.65,0.65,0.66,0
2022-02-01,NA,NA,NA,NA,NA,NA,644,42437,-4773,101.2146,101.2684,30,80.357,-3289,0,-0.2,0.72,0.65,0.65,0.66,0.67,0
2022-01-01,21903.85,-1.03114580601584,7.14837928289285,3.39693272714356,6.23138870606965,5.48299324242052,-350,53048,-639,101.1948,100.3542,-45,79.8471,7813,0,0.1,0.65,0.65,0.66,0.67,0.7,0
2021-12-01,NA,NA,NA,NA,NA,NA,-62,29162,-13211,101.2684,98.9955,53,79.7947,3263,0,-0.3,0.65,0.66,0.67,0.7,0.69,0
2021-11-01,NA,NA,NA,NA,NA,NA,-220,42687,10153,100.3542,100.0412,117,79.7955,5754,0,-0.3,0.66,0.67,0.7,0.69,0.67,0
2021-10-01,21960.388,7.14837928289285,3.39693272714356,6.23138870606965,5.48299324242052,4.31553826119497,391,15896,-3880,98.9955,100.0668,24,78.9984,6606,-0.01,-0.2,0.67,0.7,0.69,0.67,0.65,0
2021-09-01,NA,NA,NA,NA,NA,NA,-21,2820,-3264,100.0412,99.6483,-32,77.8344,-8959,-0.01,-0.399999999999999,0.7,0.69,0.67,0.65,0.66,0
2021-08-01,NA,NA,NA,NA,NA,NA,-444,5297,1537,100.0668,99.1867,-5,78.5435,6460,0.02,-0.300000000000001,0.69,0.67,0.65,0.66,0.7,0
2021-07-01,21571.421,3.39693272714356,6.23138870606965,5.48299324242052,4.31553826119497,30.1551256327009,135,21744,-4867,99.6483,98.3317,-38,78.4327,4465,0.02,-0.5,0.67,0.65,0.66,0.7,0.7,0
2021-06-01,NA,NA,NA,NA,NA,NA,375,9647,-92,99.1867,98.1929,31,77.9619,1046,-0.01,0.100000000000001,0.65,0.66,0.7,0.7,0.72,0
2021-05-01,NA,NA,NA,NA,NA,NA,56,12863,-424,98.3317,95.5072,115,77.4469,859,0,-0.3,0.66,0.7,0.7,0.72,0.79,0
2021-04-01,21389.005,6.23138870606965,5.48299324242052,4.31553826119497,30.1551256327009,-32.9570359580522,-459,6336,294,98.1929,98.8135,-176,76.6187,-1740,-0.01,0,0.7,0.7,0.72,0.79,0.9,0
2021-03-01,NA,NA,NA,NA,NA,NA,315,30682,-3620,95.5072,98.2039,261,76.3455,2446,-0.01,-0.100000000000001,0.7,0.72,0.79,0.9,1,0
2021-02-01,NA,NA,NA,NA,NA,NA,144,-21200,-757,98.8135,96.9529,-232,74.0987,1640,0,-0.2,0.72,0.79,0.9,1,1.09,0
2021-01-01,21058.379,5.48299324242052,4.31553826119497,30.1551256327009,-32.9570359580522,-5.60890596100734,548,27595,2681,98.2039,96.5256,4,76.5008,10974,0,-0.3,0.79,0.9,1,1.09,1.05,0
2020-12-01,NA,NA,NA,NA,NA,NA,-453,21825,-3628,96.9529,95.8914,82,75.8651,2470,0,0,0.9,1,1.09,1.05,1.02,0
2020-11-01,NA,NA,NA,NA,NA,NA,-421,17595,-2893,96.5256,95.9294,10,74.7456,566,0,-0.2,1,1.09,1.05,1.02,1.17,0
2020-10-01,20771.691,4.31553826119497,30.1551256327009,-32.9570359580522,-5.60890596100734,2.71825438722146,-260,23951,3954,95.8914,95.0037,80,74.2728,7206,-0.01,-0.899999999999999,1.09,1.05,1.02,1.17,1.2,0
2020-09-01,NA,NA,NA,NA,NA,NA,-613,19011,-2390,95.9294,91.6745,62,73.6543,757,0.01,-0.600000000000001,1.05,1.02,1.17,1.2,1.45,0
2020-08-01,NA,NA,NA,NA,NA,NA,-20,17849,-10344,95.0037,86.0108,-122,73.5674,4289,0.01,-1.8,1.02,1.17,1.2,1.45,1.7,0
2020-07-01,20548.793,30.1551256327009,-32.9570359580522,-5.60890596100734,2.71825438722146,4.65284103236385,-3047,12299,5530,91.6745,84.6812,269,72.7591,22538,0.03,-0.800000000000001,1.17,1.2,1.45,1.7,1.27,0
2020-06-01,NA,NA,NA,NA,NA,NA,2015,8981,-1816,86.0108,97.606,201,70.134,16049,0,-2.2,1.2,1.45,1.7,1.27,0.83,1
2020-05-01,NA,NA,NA,NA,NA,NA,23087,-6969,-9392,84.6812,101.6718,122,65.7487,19164,-0.6,-1.6,1.45,1.7,1.27,0.83,0.83,1
2020-04-01,19056.617,-32.9570359580522,-5.60890596100734,2.71825438722146,4.65284103236385,3.32671117315826,-19074,-46355,-2852,97.606,101.3372,-321,64.6982,-40194,-0.93,10.4,1.7,1.27,0.83,0.83,0.87,1
2020-03-01,NA,NA,NA,NA,NA,NA,-1658,7259,2910,101.6718,101.9421,-285,74.5527,-34940,0.03,0.9,1.27,0.83,0.83,0.87,0.88,1
2020-02-01,NA,NA,NA,NA,NA,NA,25,7801,161,101.3372,102.1494,-41,77.6537,7082,0,-0.1,0.83,0.83,0.87,0.88,0.91,1
2020-01-01,20693.238,-5.60890596100734,2.71825438722146,4.65284103236385,3.32671117315826,2.48950916290696,109,22519,-5110,101.9421,101.5878,30,77.4105,12569,0,0,0.83,0.87,0.88,0.91,0.88,1
2019-12-01,NA,NA,NA,NA,NA,NA,-81,5172,2444,102.1494,102.4601,195,77.9031,2662,-0.28,0,0.87,0.88,0.91,0.88,0.89,0
2019-11-01,NA,NA,NA,NA,NA,NA,113,22061,3202,101.5878,102.7814,28,78.1046,-7992,-0.21,0,0.88,0.91,0.88,0.89,0.99,0
2019-10-01,20985.448,2.71825438722146,4.65284103236385,3.32671117315826,2.48950916290696,0.566175993273532,-99,1733,4294,102.4601,102.0057,14,77.7295,456,-0.0899999999999999,0.1,0.91,0.88,0.89,0.99,1.04,0
2019-09-01,NA,NA,NA,NA,NA,NA,-41,12344,-313,102.7814,102.5425,-64,78.4615,-5513,-0.27,-0.1,0.88,0.89,0.99,1.04,0.96,0
2019-08-01,NA,NA,NA,NA,NA,NA,138,14554,108,102.0057,102.4176,135,78.7796,2206,0.02,-0.1,0.89,0.99,1.04,0.96,1.01,0
2019-07-01,20843.322,4.65284103236385,3.32671117315826,2.48950916290696,0.566175993273532,2.48704193009033,-121,27862,2276,102.5425,102.2748,-3,78.2629,5310,-0.0100000000000002,0.1,0.99,1.04,0.96,1.01,1.07,0
2019-06-01,NA,NA,NA,NA,NA,NA,190,20134,-1252,102.4176,102.8361,-50,78.7532,-1046,-0.0299999999999998,0,1.04,0.96,1.01,1.07,1.16,0
2019-05-01,NA,NA,NA,NA,NA,NA,-270,11012,-1495,102.2748,102.8251,21,78.7358,-8329,0.00999999999999979,-0.1,0.96,1.01,1.07,1.16,1.19,0
2019-04-01,20602.275,3.32671117315826,2.48950916290696,0.566175993273532,2.48704193009033,2.11768492150739,68,30567,-482,102.8361,103.3598,81,78.7037,-8302,0.0100000000000002,-0.0999999999999996,1.01,1.07,1.16,1.19,1.11,0
2019-03-01,NA,NA,NA,NA,NA,NA,224,10423,1300,102.8251,104.0451,70,79.2123,9403,0,0,1.07,1.16,1.19,1.11,1,0
2019-02-01,NA,NA,NA,NA,NA,NA,-244,17610,6297,103.3598,104.0126,-105,79.2768,-5184,0.13,-0.2,1.16,1.19,1.11,1,0.930000000000001,0
2019-01-01,20431.641,2.48950916290696,0.566175993273532,2.48704193009033,2.11768492150739,3.24047781966783,58,2985,-5811,104.0451,103.9297,131,79.7599,-6589,0.0699999999999998,0.1,1.19,1.11,1,0.930000000000001,0.9,0
2018-12-01,NA,NA,NA,NA,NA,NA,101,-9632,3052,104.0126,104.1038,-86,80.358,6802,0.0100000000000002,0.1,1.11,1,0.930000000000001,0.9,0.89,0
2018-11-01,NA,NA,NA,NA,NA,NA,-77,-9137,-1890,103.9297,104.0585,-40,80.3962,-3432,0.24,0,1,0.930000000000001,0.9,0.89,0.92,0
2018-10-01,20304.874,0.566175993273532,2.48704193009033,2.11768492150739,3.24047781966783,4.48297110775755,89,-14985,-1005,104.1038,103.3561,-29,80.3884,-8619,0.04,0.0999999999999996,0.930000000000001,0.9,0.89,0.92,0.87,0
2018-09-01,NA,NA,NA,NA,NA,NA,-180,-14801,115,104.0585,103.2256,-38,80.5711,1035,0,-0.0999999999999996,0.9,0.89,0.92,0.87,0.83,0
2018-08-01,NA,NA,NA,NA,NA,NA,198,2914,-4862,103.3561,102.381,80,80.5741,10393,0.0899999999999999,0,0.89,0.92,0.87,0.83,0.82,0
2018-07-01,20276.154,2.48704193009033,2.11768492150739,3.24047781966783,4.48297110775755,3.14172610273928,-158,-5744,-3390,103.2256,103.3551,16,80.0561,-7133,0.12,-0.2,0.92,0.87,0.83,0.82,0.77,0
2018-06-01,NA,NA,NA,NA,NA,NA,-99,-18126,4708,102.381,102.1943,-165,79.9674,-916,0.01,0.2,0.87,0.83,0.82,0.77,0.69,0
2018-05-01,NA,NA,NA,NA,NA,NA,176,6019,-2621,103.3551,101.7319,81,79.3092,-872,0.18,-0.2,0.83,0.82,0.77,0.69,0.71,0
2018-04-01,20150.476,2.11768492150739,3.24047781966783,4.48297110775755,3.14172610273928,2.23324440519121,-84,8301,5285,102.1943,101.4852,-42,80.0436,-951,0.0900000000000001,0,0.82,0.77,0.69,0.71,0.71,0
2018-03-01,NA,NA,NA,NA,NA,NA,-168,-9626,-1721,101.7319,101.4871,41,79.1096,7693,0.01,-0.0999999999999996,0.77,0.69,0.71,0.71,0.7,0
2018-02-01,NA,NA,NA,NA,NA,NA,257,19565,-537,101.4852,101.2493,-22,78.7047,8362,0.11,0.0999999999999996,0.69,0.71,0.71,0.7,0.72,0
2018-01-01,20044.077,3.24047781966783,4.48297110775755,3.14172610273928,2.23324440519121,1.94283493241443,-13,22465,-1072,101.4871,100.9893,122,78.4548,-13138,0.14,-0.0999999999999996,0.71,0.71,0.7,0.72,0.67,0
2017-12-01,NA,NA,NA,NA,NA,NA,-73,5055,-2615,101.2493,99.7482,-96,78.3837,10419,0.01,-0.100000000000001,0.71,0.7,0.72,0.67,0.68,0
2017-11-01,NA,NA,NA,NA,NA,NA,80,25410,-1255,100.9893,99.6323,16,78.1204,1750,0,0,0.7,0.72,0.67,0.68,0.69,0
2017-10-01,19882.352,4.48297110775755,3.14172610273928,2.23324440519121,1.94283493241443,2.21107411448429,55,3864,-202,99.7482,100.0865,76,77.8346,-123,-0.01,-0.0999999999999996,0.72,0.67,0.68,0.69,0.69,0
2017-09-01,NA,NA,NA,NA,NA,NA,-59,5983,2463,99.6323,100.337,22,76.7906,5877,0.01,-0.100000000000001,0.67,0.68,0.69,0.69,0.7,0
2017-08-01,NA,NA,NA,NA,NA,NA,-42,-1577,-1275,100.0865,100.128,-47,76.6139,4475,0.11,0.100000000000001,0.68,0.69,0.69,0.7,0.7,0
2017-07-01,19660.766,3.14172610273928,2.23324440519121,1.94283493241443,2.21107411448429,2.82754367644173,-14,-1822,1406,100.337,100.0416,-43,76.878,-18825,0.13,0,0.69,0.69,0.7,0.7,0.67,0
2017-06-01,NA,NA,NA,NA,NA,NA,-3,-4677,242,100.128,99.0492,92,76.9926,14209,0.01,-0.100000000000001,0.69,0.7,0.7,0.67,0.69,0
2017-05-01,NA,NA,NA,NA,NA,NA,1,13890,-3103,100.0416,98.4356,11,76.764,-2634,0.11,0,0.7,0.7,0.67,0.69,0.74,0
2017-04-01,19506.949,2.23324440519121,1.94283493241443,2.21107411448429,2.82754367644173,1.28243826506917,84,-6237,-1339,99.0492,98.8158,-44,76.6403,1938,0.13,0,0.7,0.67,0.69,0.74,0.77,0
2017-03-01,NA,NA,NA,NA,NA,NA,-99,-2861,3771,98.4356,99.0406,-81,75.8344,1209,0.01,-0.199999999999999,0.67,0.69,0.74,0.77,0.85,0
2017-02-01,NA,NA,NA,NA,NA,NA,0,21302,-2580,98.8158,98.3443,81,75.3306,2185,0.11,-0.100000000000001,0.69,0.74,0.77,0.85,0.87,0
2017-01-01,19398.343,1.94283493241443,2.21107411448429,2.82754367644173,1.28243826506917,2.3113866073885,-5,-14418,2920,99.0406,98.7237,-62,75.5995,568,0.13,0,0.74,0.77,0.85,0.87,0.899999999999999,0
2016-12-01,NA,NA,NA,NA,NA,NA,108,5562,-5341,98.3443,98.6552,112,75.7622,3863,0.00999999999999995,0,0.77,0.85,0.87,0.899999999999999,0.92,0
2016-11-01,NA,NA,NA,NA,NA,NA,18,23781,-1551,98.7237,98.7427,-173,75.2309,-18338,0,-0.2,0.85,0.87,0.899999999999999,0.92,0.94,0
2016-10-01,19304.352,2.21107411448429,2.82754367644173,1.28243826506917,2.3113866073885,0.737236690842025,-206,8662,3142,98.6552,98.8452,245,75.5318,16724,0,-0.0999999999999996,0.87,0.899999999999999,0.92,0.94,1.03,0
2016-09-01,NA,NA,NA,NA,NA,NA,163,11188,-215,98.7427,98.7315,-103,75.4977,-1130,0.01,0.0999999999999996,0.899999999999999,0.92,0.94,1.03,1.03,0
2016-08-01,NA,NA,NA,NA,NA,NA,-232,6718,1788,98.8452,98.2549,-68,75.5879,2336,0.01,0.100000000000001,0.92,0.94,1.03,1.03,1.17,0
2016-07-01,19197.938,2.82754367644173,1.28243826506917,2.3113866073885,0.737236690842025,1.59778484627608,128,-3072,-2687,98.7315,98.4775,36,75.6916,8285,0.01,-0.100000000000001,0.94,1.03,1.03,1.17,1.31,0
2016-06-01,NA,NA,NA,NA,NA,NA,201,26919,-984,98.2549,98.1635,55,75.6283,-15331,0,0.100000000000001,1.03,1.03,1.17,1.31,1.38,0
2016-05-01,NA,NA,NA,NA,NA,NA,-148,4783,-1247,98.4775,98.9232,-15,75.2833,-7520,0.01,-0.3,1.03,1.17,1.31,1.38,1.45,0
2016-04-01,19062.709,1.28243826506917,2.3113866073885,0.737236690842025,1.59778484627608,2.46997863301459,-62,-2874,6505,98.1635,99.4391,52,75.4701,11413,-0.02,0.0999999999999996,1.17,1.31,1.38,1.45,1.49,0
2016-03-01,NA,NA,NA,NA,NA,NA,58,15925,-3262,98.9232,98.9471,-114,75.2411,1645,0.04,0.0999999999999996,1.31,1.38,1.45,1.49,1.4,0
2016-02-01,NA,NA,NA,NA,NA,NA,64,11863,959,99.4391,99.4366,133,75.8298,-11980,0.1,0.100000000000001,1.38,1.45,1.49,1.4,1.39,0
2016-01-01,19001.69,2.3113866073885,0.737236690842025,1.59778484627608,2.46997863301459,3.58581915076996,-136,4634,-552,98.9471,100.1563,-54,76.2263,11176,0.12,-0.2,1.45,1.49,1.4,1.39,1.27,0
2015-12-01,NA,NA,NA,NA,NA,NA,40,10844,422,99.4366,100.633,-26,75.845,-4373,0,-0.0999999999999996,1.49,1.4,1.39,1.27,1.15,0
2015-11-01,NA,NA,NA,NA,NA,NA,-75,-6023,768,100.1563,100.9165,114,76.2118,-4013,-0.02,0.0999999999999996,1.4,1.39,1.27,1.15,1.05,0
2015-10-01,18892.206,0.737236690842025,1.59778484627608,2.46997863301459,3.58581915076996,2.01783440617334,154,-12404,2564,100.633,101.0893,-166,76.752,8595,0,0,1.39,1.27,1.15,1.05,0.94,0
2015-09-01,NA,NA,NA,NA,NA,NA,16,-440,-3865,100.9165,100.4588,94,77.1039,-5010,0.01,-0.0999999999999996,1.27,1.15,1.05,0.94,0.91,0
2015-08-01,NA,NA,NA,NA,NA,NA,-148,9816,2085,101.0893,100.7675,-16,77.308,-4899,0,-0.100000000000001,1.15,1.05,0.94,0.91,0.96,0
2015-07-01,18857.418,1.59778484627608,2.46997863301459,3.58581915076996,2.01783440617334,4.83225933031264,111,-3632,-3923,100.4588,101.2255,-59,77.4307,-2005,0.01,-0.0999999999999996,1.05,0.94,0.91,0.96,0.9,0
2015-06-01,NA,NA,NA,NA,NA,NA,-171,22760,1334,100.7675,101.7869,126,76.9429,11877,0,-0.3,0.94,0.91,0.96,0.9,0.9,0
2015-05-01,NA,NA,NA,NA,NA,NA,69,19814,8896,101.2255,102.1366,-111,77.1821,-8362,0.01,0.199999999999999,0.91,0.96,0.9,0.9,0.99,0
2015-04-01,18782.243,2.46997863301459,3.58581915076996,2.01783440617334,4.83225933031264,5.13427609165973,177,28871,-14829,101.7869,102.7923,230,77.5449,-3603,0,0,0.96,0.9,0.9,0.99,0.95,0
2015-03-01,NA,NA,NA,NA,NA,NA,-163,13853,4962,102.1366,103.6151,74,77.9964,11967,0,-0.0999999999999996,0.9,0.9,0.99,0.95,0.87,0
2015-02-01,NA,NA,NA,NA,NA,NA,55,11654,3973,102.7923,103.5978,-199,78.2911,-8647,-0.01,-0.2,0.9,0.99,0.95,0.87,0.77,0
2015-01-01,18666.621,3.58581915076996,2.01783440617334,4.83225933031264,5.13427609165973,-1.38277125986406,-70,4812,-3030,103.6151,102.9611,12,78.8301,1411,0.03,0.100000000000001,0.99,0.95,0.87,0.77,0.69,0
2014-12-01,NA,NA,NA,NA,NA,NA,-19,11536,1259,103.5978,102.9417,72,79.5137,-2210,0,-0.2,0.95,0.87,0.77,0.69,0.61,0
2014-11-01,NA,NA,NA,NA,NA,NA,59,-1509,605,102.9611,102.6322,-73,79.5592,-5743,0,0.0999999999999996,0.87,0.77,0.69,0.61,0.57,0
2014-10-01,18500.031,2.01783440617334,4.83225933031264,5.13427609165973,-1.38277125986406,3.47185609530527,-60,24512,-4737,102.9417,102.7954,51,79.1358,-3236,0,-0.2,0.77,0.69,0.61,0.57,0.55,0
2014-09-01,NA,NA,NA,NA,NA,NA,98,6794,2000,102.6322,102.5774,39,79.1927,229,0,-0.199999999999999,0.69,0.61,0.57,0.55,0.6,0
2014-08-01,NA,NA,NA,NA,NA,NA,-28,161,-40,102.7954,102.2392,-101,79.0306,-63820,-0.01,-0.100000000000001,0.61,0.57,0.55,0.6,0.66,0
2014-07-01,18406.941,4.83225933031264,5.13427609165973,-1.38277125986406,3.47185609530527,3.39115862099888,-113,8511,680,102.5774,101.8273,174,79.236,61659,0.01,0.100000000000001,0.57,0.55,0.6,0.66,0.68,0
2014-06-01,NA,NA,NA,NA,NA,NA,122,-723,4160,102.2392,101.7435,-96,79.1445,3871,0,-0.2,0.55,0.6,0.66,0.68,0.649999999999999,0
2014-05-01,NA,NA,NA,NA,NA,NA,-97,246,-795,101.8273,100.7471,-36,78.9551,-3268,0.01,0.0999999999999996,0.6,0.66,0.68,0.649999999999999,0.7,0
2014-04-01,18185.911,5.13427609165973,-1.38277125986406,3.47185609530527,3.39115862099888,1.06911530605487,39,15744,-2821,101.7435,99.9899,73,78.7032,1850,0.01,-0.5,0.66,0.68,0.649999999999999,0.7,0.76,0
2014-03-01,NA,NA,NA,NA,NA,NA,122,3619,-2686,100.7471,100.374,26,78.7,4023,0,0,0.68,0.649999999999999,0.7,0.76,0.75,0
2014-02-01,NA,NA,NA,NA,NA,NA,-37,951,-3797,99.9899,100.1582,56,77.9861,7324,-0.02,0.100000000000001,0.649999999999999,0.7,0.76,0.75,0.779999999999999,0
2014-01-01,17953.974,-1.38277125986406,3.47185609530527,3.39115862099888,1.06911530605487,3.92690370620628,131,7376,347,100.374,99.9037,-114,77.4541,-13562,0.01,-0.100000000000001,0.7,0.76,0.75,0.779999999999999,0.83,0
2013-12-01,NA,NA,NA,NA,NA,NA,-218,15089,2302,100.1582,100.021,-98,77.8052,-5290,-0.01,-0.2,0.76,0.75,0.779999999999999,0.83,0.88,0
2013-11-01,NA,NA,NA,NA,NA,NA,55,12908,3632,99.9037,99.4897,175,77.6904,11149,0.01,-0.3,0.75,0.779999999999999,0.83,0.88,0.98,0
2013-10-01,18016.147,3.47185609530527,3.39115862099888,1.06911530605487,3.92690370620628,0.462294966300192,45,13093,-3300,100.021,98.8987,75,77.5455,-5568,0,0,0.779999999999999,0.83,0.88,0.98,0.920000000000001,0
2013-09-01,NA,NA,NA,NA,NA,NA,-80,9060,-261,99.4897,99.2221,-67,77.6904,12981,-0.01,0,0.83,0.88,0.98,0.920000000000001,0.84,0
2013-08-01,NA,NA,NA,NA,NA,NA,143,11305,-1930,98.8987,99.0383,37,77.3333,4334,0,-0.0999999999999996,0.88,0.98,0.920000000000001,0.84,0.86,0
2013-07-01,17860.45,3.39115862099888,1.06911530605487,3.92690370620628,0.462294966300192,0.575697505944817,-72,18461,7275,99.2221,98.9445,41,76.9323,-26821,-0.02,-0.2,0.98,0.920000000000001,0.84,0.86,0.919999999999999,0
2013-06-01,NA,NA,NA,NA,NA,NA,-38,10543,-3214,99.0383,99.047,-91,77.2476,10470,-0.04,0,0.920000000000001,0.84,0.86,0.919999999999999,0.95,0
2013-05-01,NA,NA,NA,NA,NA,NA,38,9024,-4173,98.9445,98.6434,95,77.1749,9979,0.00999999999999998,-0.0999999999999996,0.84,0.86,0.919999999999999,0.95,0.930000000000001,0
2013-04-01,17709.671,1.06911530605487,3.92690370620628,0.462294966300192,0.575697505944817,1.78136650652903,40,15218,6690,99.047,98.1736,-175,77.1785,9573,-0.00999999999999998,0.0999999999999996,0.86,0.919999999999999,0.95,0.930000000000001,0.98,0
2013-03-01,NA,NA,NA,NA,NA,NA,-144,-9073,-869,98.6434,98.1884,48,77.3418,-17435,0.00999999999999998,-0.2,0.919999999999999,0.95,0.930000000000001,0.98,1.01,0
2013-02-01,NA,NA,NA,NA,NA,NA,105,10861,-3801,98.1736,97.9084,74,77.1172,11533,-0.02,-0.3,0.95,0.930000000000001,0.98,1.01,1.11,0
2013-01-01,17662.4,3.92690370620628,0.462294966300192,0.575697505944817,1.78136650652903,3.34037672751606,-66,-9087,8998,98.1884,97.5311,-88,76.8466,-7747,0,0.0999999999999996,0.930000000000001,0.98,1.01,1.11,1.35,0
2012-12-01,NA,NA,NA,NA,NA,NA,92,-243,-3865,97.9084,97.2217,143,76.9607,13368,0,0.2,0.98,1.01,1.11,1.35,1.43,0
2012-11-01,NA,NA,NA,NA,NA,NA,6,-3314,-2673,97.5311,97.2734,-82,76.849,-1076,0.02,-0.0999999999999996,1.01,1.11,1.35,1.43,1.47,0
2012-10-01,17489.852,0.462294966300192,0.575697505944817,1.78136650652903,3.34037672751606,4.46715872458583,-28,8778,5236,97.2217,97.6714,68,76.6654,1432,0.01,0,1.11,1.35,1.43,1.47,1.38,0
2012-09-01,NA,NA,NA,NA,NA,NA,-2,3862,-1624,97.2734,97.4768,93,76.5385,17127,-0.03,-0.3,1.35,1.43,1.47,1.38,1.27,0
2012-08-01,NA,NA,NA,NA,NA,NA,36,3792,535,97.6714,97.4595,14,76.6993,-22785,0,-0.0999999999999996,1.43,1.47,1.38,1.27,1.23,0
2012-07-01,17469.65,0.575697505944817,1.78136650652903,3.34037672751606,4.46715872458583,-0.0892609023139812,66,925,2165,97.4768,97.251,-17,77.1378,5096,0,0,1.47,1.38,1.27,1.23,1.24,0
2012-06-01,NA,NA,NA,NA,NA,NA,-29,7081,1736,97.4595,96.5609,49,77.1126,-2113,0.02,0,1.38,1.27,1.23,1.24,1.29,0
2012-05-01,NA,NA,NA,NA,NA,NA,31,9188,2907,97.251,97.0662,-45,77.233,1084,0.01,0,1.27,1.23,1.24,1.29,1.38,0
2012-04-01,17444.525,1.78136650652903,3.34037672751606,4.46715872458583,-0.0892609023139812,2.69721498746662,-163,12452,-6969,96.5609,96.7595,58,77.2057,-3120,0.03,0,1.23,1.24,1.29,1.38,1.32,0
2012-03-01,NA,NA,NA,NA,NA,NA,-23,4920,7346,97.0662,96.1809,-9,76.798,-5110,0.02,-0.100000000000001,1.24,1.29,1.38,1.32,1.27,0
2012-02-01,NA,NA,NA,NA,NA,NA,-94,-6242,-653,96.7595,95.6778,-19,77.3425,971,0.01,0,1.29,1.38,1.32,1.27,1.39,0
2012-01-01,17367.01,3.34037672751606,4.46715872458583,-0.0892609023139812,2.69721498746662,-0.949946694419879,159,9243,-2013,96.1809,95.6891,29,77.2407,2105,-0.01,-0.199999999999999,1.38,1.32,1.27,1.39,1.18,0
2011-12-01,NA,NA,NA,NA,NA,NA,61,9317,-1951,95.6778,95.0244,-17,76.9204,8304,0.01,-0.0999999999999996,1.32,1.27,1.39,1.18,0.99,0
2011-11-01,NA,NA,NA,NA,NA,NA,-72,3672,-2032,95.6891,95.0974,101,76.6551,4732,-0.01,-0.200000000000001,1.27,1.39,1.18,0.99,0.83,0
2011-10-01,17222.583,4.46715872458583,-0.0892609023139812,2.69721498746662,-0.949946694419879,2.09494545778028,-10,-5282,1575,95.0244,94.4958,-40,76.7959,6061,-0.02,-0.199999999999999,1.39,1.18,0.99,0.83,0.76,0
2011-09-01,NA,NA,NA,NA,NA,NA,87,1707,1018,95.0974,94.0493,65,76.3854,-11967,0.03,0,1.18,0.99,0.83,0.76,0.82,0
2011-08-01,NA,NA,NA,NA,NA,NA,70,19572,3812,94.4958,93.7723,-38,76.557,10247,-0.02,0,0.99,0.83,0.76,0.82,0.859999999999999,0
2011-07-01,17031.313,-0.0892609023139812,2.69721498746662,-0.949946694419879,2.09494545778028,3.07250908200132,-165,-2458,-2157,94.0493,93.6571,15,76.1727,4879,0,-0.0999999999999996,0.83,0.76,0.82,0.859999999999999,0.9,0
2011-06-01,NA,NA,NA,NA,NA,NA,120,19588,-5040,93.7723,93.9684,47,75.8967,-5591,-0.01,0.0999999999999996,0.76,0.82,0.859999999999999,0.9,0.930000000000001,0
2011-05-01,NA,NA,NA,NA,NA,NA,-208,5814,1627,93.6571,93.0045,7,75.7389,6437,-0.04,-0.0999999999999996,0.82,0.859999999999999,0.9,0.930000000000001,1.05,0
2011-04-01,17035.114,2.69721498746662,-0.949946694419879,2.09494545778028,3.07250908200132,3.85173992904342,89,280,441,93.9684,93.3889,-46,75.6918,-12015,-0.02,0.0999999999999996,0.859999999999999,0.9,0.930000000000001,1.05,1.08,0
2011-03-01,NA,NA,NA,NA,NA,NA,7,10781,3370,93.0045,93.5916,83,75.9692,16355,-0.01,0,0.9,0.930000000000001,1.05,1.08,1.05,0
2011-02-01,NA,NA,NA,NA,NA,NA,212,-1588,-6402,93.3889,92.6686,-113,75.1957,-7243,-0.00999999999999998,-0.0999999999999996,0.930000000000001,1.05,1.08,1.05,1.04,0
2011-01-01,16920.632,-0.949946694419879,2.09494545778028,3.07250908200132,3.85173992904342,1.9333240882716,-74,-29431,-2982,93.5916,92.6033,91,75.4919,10184,-0.01,-0.200000000000001,1.05,1.08,1.05,1.04,1.13,0
2010-12-01,NA,NA,NA,NA,NA,NA,-47,-14756,1907,92.6686,92.8533,-6,75.6199,-3750,0,-0.5,1.08,1.05,1.04,1.13,1.17,0
2010-11-01,NA,NA,NA,NA,NA,NA,-151,2779,3687,92.6033,92.5936,2,74.8191,4136,0,0.4,1.05,1.04,1.13,1.17,1.29,0
2010-10-01,16960.864,2.09494545778028,3.07250908200132,3.85173992904342,1.9333240882716,4.30045415169786,353,-6356,1286,92.8533,92.2549,-51,74.6921,-8866,0,-0.0999999999999996,1.04,1.13,1.17,1.29,1.35,0
2010-09-01,NA,NA,NA,NA,NA,NA,-75,5698,-4010,92.5936,91.9033,-5,74.8001,10187,0.01,0,1.13,1.17,1.29,1.35,1.09,0
2010-08-01,NA,NA,NA,NA,NA,NA,95,2336,5707,92.2549,91.7014,53,74.479,4239,0,0.0999999999999996,1.17,1.29,1.35,1.09,0.96,0
2010-07-01,16872.266,3.07250908200132,3.85173992904342,1.9333240882716,4.30045415169786,1.40230861885584,40,-22249,-5228,91.9033,90.4607,10,74.0764,1839,-0.02,0,1.29,1.35,1.09,0.96,1,0
2010-06-01,NA,NA,NA,NA,NA,NA,-657,-1504,-592,91.7014,90.1356,-47,73.6492,-4265,0,-0.199999999999999,1.35,1.09,0.96,1,0.99,0
2010-05-01,NA,NA,NA,NA,NA,NA,268,-6217,-1225,90.4607,89.5046,-104,73.3305,6984,0.04,-0.300000000000001,1.09,0.96,1,0.99,0.99,0
2010-04-01,16743.162,3.85173992904342,1.9333240882716,4.30045415169786,1.40230861885584,-0.715242887051204,95,7815,1233,90.1356,89.1897,51,72.1775,800,0.03,0,0.96,1,0.99,0.99,1.11,0
2010-03-01,NA,NA,NA,NA,NA,NA,257,6964,-3760,89.5046,88.2404,32,71.7572,1698,0.02,0.0999999999999996,1,0.99,0.99,1.11,1.13,0
2010-02-01,NA,NA,NA,NA,NA,NA,-91,-7229,1682,89.1897,87.9388,-10,71.1021,-566,-0.01,0,0.99,0.99,1.11,1.13,1.14,0
2010-01-01,16582.71,1.9333240882716,4.30045415169786,1.40230861885584,-0.715242887051204,-4.5654525439609,244,-20495,-1045,88.2404,87.5809,33,70.7084,20496,0,-0.0999999999999996,0.99,1.11,1.13,1.14,1.18,0
2009-12-01,NA,NA,NA,NA,NA,NA,-246,-15884,-3422,87.9388,87.3821,-7,69.823,101,0,0,1.11,1.13,1.14,1.18,1.32,0
2009-11-01,NA,NA,NA,NA,NA,NA,181,-12898,288,87.5809,86.6393,54,69.468,-678,-0.03,-0.0999999999999996,1.13,1.14,1.18,1.32,1.68,0
2009-10-01,16502.754,4.30045415169786,1.40230861885584,-0.715242887051204,-4.5654525439609,-8.85336509579417,40,-15850,-3573,87.3821,85.6853,-51,69.0873,3056,-0.01,0.199999999999999,1.14,1.18,1.32,1.68,1.89,0
2009-09-01,NA,NA,NA,NA,NA,NA,-35,-12871,1633,86.6393,84.6746,-1,68.8533,552,0,0.200000000000001,1.18,1.32,1.68,1.89,2.52,0
2009-08-01,NA,NA,NA,NA,NA,NA,155,-11326,-6155,85.6853,84.9436,-8,68.2152,3798,-0.05,0.0999999999999996,1.32,1.68,1.89,2.52,3,0
2009-07-01,16326.281,1.40230861885584,-0.715242887051204,-4.5654525439609,-8.85336509579417,-2.1065695211135,116,-1092,-1313,84.6746,85.7903,9,67.4381,6658,0.03,0,1.68,1.89,2.52,3,2.92,0
2009-06-01,NA,NA,NA,NA,NA,NA,-108,-7490,4634,84.9436,86.4689,45,66.6446,-2222,0.03,0.0999999999999996,1.89,2.52,3,2.92,2.81,1
2009-05-01,NA,NA,NA,NA,NA,NA,318,-12462,-280,85.7903,87.843,62,66.8861,1788,-0.03,0.4,2.52,3,2.92,2.81,3.09,1
2009-04-01,16269.145,-0.715242887051204,-4.5654525439609,-8.85336509579417,-2.1065695211135,2.37465037252633,154,-31311,-1415,86.4689,88.3712,-27,67.6067,1144,-0.04,0.300000000000001,3,2.92,2.81,3.09,3.38,1
2009-03-01,NA,NA,NA,NA,NA,NA,-64,-7915,10565,87.843,90.6266,-77,68.2145,-2511,0.07,0.399999999999999,2.92,2.81,3.09,3.38,3.09,1
2009-02-01,NA,NA,NA,NA,NA,NA,8,-3391,4624,88.3712,93.2617,92,69.3805,-2251,-0.01,0.500000000000001,2.81,3.09,3.38,3.09,2.6,1
2009-01-01,16298.262,-4.5654525439609,-8.85336509579417,-2.1065695211135,2.37465037252633,-1.71071023601286,-73,-24040,1165,90.6266,94.4985,-70,69.8882,-22764,-0.23,0.5,3.09,3.38,3.09,2.6,1.66,1
2008-12-01,NA,NA,NA,NA,NA,NA,54,-35894,15747,93.2617,93.5576,-92,71.7765,-7703,-0.58,0.5,3.38,3.09,2.6,1.66,1.51,1
2008-11-01,NA,NA,NA,NA,NA,NA,-281,-20926,-587,94.4985,97.8491,-125,73.9671,-10360,-0.84,0.3,3.09,2.6,1.66,1.51,1.49,1
2008-10-01,16485.35,-8.85336509579417,-2.1065695211135,2.37465037252633,-1.71071023601286,2.50508620487793,-20,-3620,2102,93.5576,99.4194,-43,75.0459,-23333,-0.19,0.4,2.6,1.66,1.51,1.49,1.39,1
2008-09-01,NA,NA,NA,NA,NA,NA,-162,-10496,4595,97.8491,99.8728,-24,74.3831,1139,-0.00999999999999979,0,1.66,1.51,1.49,1.39,1.36,1
2008-08-01,NA,NA,NA,NA,NA,NA,-87,-16877,-6100,99.4194,100.1336,-79,77.8633,-6305,0.00999999999999979,0.3,1.51,1.49,1.39,1.36,1.42,1
2008-07-01,16854.295,-2.1065695211135,2.37465037252633,-1.71071023601286,2.50508620487793,2.29749244372286,-47,-3146,1421,99.8728,100.7554,-123,79.1573,-8851,0.02,0.2,1.49,1.39,1.36,1.42,1.38,1
2008-06-01,NA,NA,NA,NA,NA,NA,34,-11449,1423,100.1336,101.4508,73,79.5288,1892,-0.3,0.199999999999999,1.39,1.36,1.42,1.38,1.29,1
2008-05-01,NA,NA,NA,NA,NA,NA,32,295,-3533,100.7554,101.7756,-40,79.7148,-3716,-0.33,0.4,1.36,1.42,1.38,1.29,1.21,1
2008-04-01,16943.291,2.37465037252633,-1.71071023601286,2.50508620487793,2.29749244372286,2.43959316587237,-149,-2194,4025,101.4508,102.1493,8,80.1636,-3782,-0.37,-0.0999999999999996,1.42,1.38,1.29,1.21,1.16,1
2008-03-01,NA,NA,NA,NA,NA,NA,-6,6798,-2886,101.7756,102.2764,-98,80.6547,-169,-0.96,0.199999999999999,1.38,1.29,1.21,1.16,0.96,1
2008-02-01,NA,NA,NA,NA,NA,NA,-60,-14699,-3049,102.1493,102.2167,19,80.8474,-4352,-0.3,-0.0999999999999996,1.29,1.21,1.16,0.96,0.82,1
2008-01-01,16843.003,-1.71071023601286,2.50508620487793,2.29749244372286,2.43959316587237,1.20153624685244,-108,-3794,2392,102.2764,101.6446,47,81.0828,-5054,-0.25,0,1.21,1.16,0.96,0.82,0.85,1
2007-12-01,NA,NA,NA,NA,NA,NA,-10,-17767,-3016,102.2167,101.9428,-160,81.1309,17438,-0.27,0.3,1.16,0.96,0.82,0.85,0.86,0
2007-11-01,NA,NA,NA,NA,NA,NA,38,-19583,492,101.6446,101.6943,-67,81.0492,-3695,-0.180000000000001,0,0.96,0.82,0.85,0.86,0.92,0
2007-10-01,16915.191,2.50508620487793,2.29749244372286,2.43959316587237,1.20153624685244,3.42311022616641,-12,-6089,-944,101.9428,101.4953,81,80.5829,4227,-0.0799999999999992,0,0.82,0.85,0.86,0.92,0.91,0
2007-09-01,NA,NA,NA,NA,NA,NA,119,-497,3032,101.6943,101.6547,-147,80.8326,-9285,-0.24,0.100000000000001,0.85,0.86,0.92,0.91,0.92,0
2007-08-01,NA,NA,NA,NA,NA,NA,-6,3629,-249,101.4953,101.6269,-24,80.6774,2582,0.00999999999999979,-0.100000000000001,0.86,0.92,0.91,0.92,0.92,0
2007-07-01,16809.587,2.29749244372286,2.43959316587237,1.20153624685244,3.42311022616641,0.599374416032106,-101,-8063,-425,101.6547,101.5723,-94,80.5906,4308,0,0.100000000000001,0.92,0.91,0.92,0.92,0.97,0
2007-06-01,NA,NA,NA,NA,NA,NA,-72,1930,922,101.6269,100.8952,33,80.8222,32,0,0.199999999999999,0.91,0.92,0.92,0.97,0.890000000000001,0
2007-05-01,NA,NA,NA,NA,NA,NA,85,10991,1689,101.5723,100.7166,-75,80.9347,-4584,-0.00999999999999979,-0.0999999999999996,0.92,0.92,0.97,0.890000000000001,0.94,0
2007-04-01,16713.314,2.43959316587237,1.20153624685244,3.42311022616641,0.599374416032106,1.03367429955981,-161,3966,-3704,100.8952,99.7546,-5,81.0476,3894,0,0.0999999999999996,0.92,0.97,0.890000000000001,0.94,0.899999999999999,0
2007-03-01,NA,NA,NA,NA,NA,NA,138,7592,-465,100.7166,100.1125,15,80.6791,8564,0.00999999999999979,-0.0999999999999996,0.97,0.890000000000001,0.94,0.899999999999999,0.87,0
2007-02-01,NA,NA,NA,NA,NA,NA,-137,1115,3868,99.7546,99.0963,71,80.7193,-2007,0.00999999999999979,-0.0999999999999996,0.890000000000001,0.94,0.899999999999999,0.87,0.91,0
2007-01-01,16611.69,1.20153624685244,3.42311022616641,0.599374416032106,1.03367429955981,5.3456553790852,35,2511,-2943,100.1125,99.1229,-240,80.1358,-6274,-0.00999999999999979,0.199999999999999,0.94,0.899999999999999,0.87,0.91,0.92,0
2006-12-01,NA,NA,NA,NA,NA,NA,-27,13657,599,99.0963,99.2246,79,80.6149,4434,0,-0.0999999999999996,0.899999999999999,0.87,0.91,0.92,0.91,0
2006-11-01,NA,NA,NA,NA,NA,NA,198,-1165,5557,99.1229,99.4047,79,79.9873,7857,0,0.0999999999999996,0.87,0.91,0.92,0.91,0.91,0
2006-10-01,16561.866,3.42311022616641,0.599374416032106,1.03367429955981,5.3456553790852,2.21591694883045,-119,-12839,3182,99.2246,98.9751,-229,80.1979,-17749,0,-0.0999999999999996,0.91,0.92,0.91,0.91,0.890000000000001,0
2006-09-01,NA,NA,NA,NA,NA,NA,-28,-10154,-1368,99.4047,99.0398,70,80.4643,24228,0.00999999999999979,-0.2,0.92,0.91,0.91,0.890000000000001,0.8,0
2006-08-01,NA,NA,NA,NA,NA,NA,-30,-12019,-3109,98.9751,98.7074,-87,80.7869,979,0.25,0,0.91,0.91,0.890000000000001,0.8,0.84,0
2006-07-01,16420.738,0.599374416032106,1.03367429955981,5.3456553790852,2.21591694883045,3.12303268045255,108,-14202,1018,99.0398,98.6826,-65,80.6047,-11726,0.0499999999999998,0.100000000000001,0.91,0.890000000000001,0.8,0.84,0.88,0
2006-06-01,NA,NA,NA,NA,NA,NA,45,-8453,-2215,98.7074,98.3913,-140,80.8131,5401,0.15,0,0.890000000000001,0.8,0.84,0.88,0.92,0
2006-05-01,NA,NA,NA,NA,NA,NA,-131,-12715,-206,98.6826,98.1687,121,80.6874,1194,0.2,-0.100000000000001,0.8,0.84,0.88,0.92,0.95,0
2006-04-01,16396.151,1.03367429955981,5.3456553790852,2.21591694883045,3.12303268045255,1.96566012344945,-133,-11873,-89,98.3913,98.127,-148,80.8033,-12563,0.0999999999999996,0,0.84,0.88,0.92,0.95,0.95,0
2006-03-01,NA,NA,NA,NA,NA,NA,0,-470,4659,98.1687,97.9723,-150,80.693,7450,0.2,-0.0999999999999996,0.88,0.92,0.95,0.95,0.97,0
2006-02-01,NA,NA,NA,NA,NA,NA,37,9997,-2399,98.127,97.5016,-154,80.6346,10198,0.13,0.0999999999999996,0.92,0.95,0.95,0.97,0.95,0
2006-01-01,16353.835,5.3456553790852,2.21591694883045,3.12303268045255,1.96566012344945,4.41302021169463,109,10965,-709,97.9723,96.4411,279,80.7219,-11959,0.16,-0.2,0.95,0.95,0.97,0.95,0.9,0
2005-12-01,NA,NA,NA,NA,NA,NA,-197,12587,3406,97.5016,95.2764,-153,80.7149,766,0.22,-0.0999999999999996,0.95,0.97,0.95,0.9,0.87,0
2005-11-01,NA,NA,NA,NA,NA,NA,267,11259,-2383,96.4411,97.1584,82,80.4459,10832,0.16,0,0.97,0.95,0.9,0.87,0.890000000000001,0
2005-10-01,16136.734,2.21591694883045,3.12303268045255,1.96566012344945,4.41302021169463,4.06015652845326,38,12393,-6137,95.2764,96.8397,-86,79.6882,5904,0.12,0,0.95,0.9,0.87,0.890000000000001,0.9,0
2005-09-01,NA,NA,NA,NA,NA,NA,-152,19275,-444,97.1584,97.1483,56,78.8408,-842,0.24,0.0999999999999996,0.9,0.87,0.890000000000001,0.9,0.859999999999999,0
2005-08-01,NA,NA,NA,NA,NA,NA,-150,10062,-149,96.8397,96.7251,41,80.5144,10364,0.22,-0.0999999999999996,0.87,0.890000000000001,0.9,0.859999999999999,0.72,0
2005-07-01,16047.587,3.12303268045255,1.96566012344945,4.41302021169463,4.06015652845326,3.77649195406846,95,13205,-2112,97.1483,96.6347,-14,80.3636,-15545,0.04,0,0.890000000000001,0.9,0.859999999999999,0.72,0.659999999999999,0
2005-06-01,NA,NA,NA,NA,NA,NA,88,12555,1272,96.7251,96.4345,43,80.7304,3397,0.21,-0.0999999999999996,0.9,0.859999999999999,0.72,0.659999999999999,0.62,0
2005-05-01,NA,NA,NA,NA,NA,NA,-197,12329,-4178,96.6347,96.5709,-36,80.4835,11776,0.16,-0.100000000000001,0.859999999999999,0.72,0.659999999999999,0.62,0.659999999999999,0
2005-04-01,15922.782,1.96566012344945,4.41302021169463,4.06015652845326,3.77649195406846,3.08785996757663,248,9267,4960,96.4345,95.8785,197,80.5049,8239,0.13,0,0.72,0.659999999999999,0.62,0.659999999999999,0.680000000000001,0
2005-03-01,NA,NA,NA,NA,NA,NA,-133,4897,-1905,96.5709,95.5415,-343,80.4254,-9867,0.22,-0.2,0.659999999999999,0.62,0.659999999999999,0.680000000000001,0.680000000000001,0
2005-02-01,NA,NA,NA,NA,NA,NA,100,20766,-1271,95.8785,94.8015,63,80.6185,1600,0.12,0.100000000000001,0.62,0.659999999999999,0.680000000000001,0.680000000000001,0.74,0
2005-01-01,15844.727,4.41302021169463,4.06015652845326,3.77649195406846,3.08785996757663,2.26020809556076,27,8602,4049,95.5415,94.5695,102,80.1076,1297,0.23,-0.100000000000001,0.659999999999999,0.680000000000001,0.680000000000001,0.74,0.81,0
2004-12-01,NA,NA,NA,NA,NA,NA,52,14486,-3909,94.8015,93.7353,260,79.8779,1033,0.17,0,0.680000000000001,0.680000000000001,0.74,0.81,0.81,0
2004-11-01,NA,NA,NA,NA,NA,NA,-267,7275,-3372,94.5695,93.6301,-290,79.3,7358,0.15,-0.0999999999999996,0.680000000000001,0.74,0.81,0.81,0.8,0
2004-10-01,15670.88,4.06015652845326,3.77649195406846,3.08785996757663,2.26020809556076,4.61614681896094,189,3639,1961,93.7353,93.5502,167,79.1352,-3257,0.18,0.0999999999999996,0.74,0.81,0.81,0.8,0.77,0
2004-09-01,NA,NA,NA,NA,NA,NA,64,-1536,-2041,93.6301,92.8651,-119,78.4547,4716,0.17,0,0.81,0.81,0.8,0.77,0.71,0
2004-08-01,NA,NA,NA,NA,NA,NA,28,7432,2563,93.5502,93.5845,22,78.3738,-3107,0.23,-0.0999999999999996,0.81,0.8,0.77,0.71,0.73,0
2004-07-01,15512.619,3.77649195406846,3.08785996757663,2.26020809556076,4.61614681896094,6.5980810343774,-38,23097,-6616,92.8651,92.8957,174,78.305,1195,0.03,-0.0999999999999996,0.8,0.77,0.71,0.73,0.78,0
2004-06-01,NA,NA,NA,NA,NA,NA,-188,8706,-270,93.5845,92.5368,-153,77.724,2181,0,0,0.77,0.71,0.73,0.78,0.77,0
2004-05-01,NA,NA,NA,NA,NA,NA,12,6779,-529,92.8957,92.8995,-22,78.3145,-909,0,0,0.71,0.73,0.78,0.77,0.9,0
2004-04-01,15366.85,3.08785996757663,2.26020809556076,4.61614681896094,6.5980810343774,3.52689218114719,-46,6443,-2202,92.5368,92.3268,5,77.7236,-6501,-0.01,-0.2,0.73,0.78,0.77,0.9,0.98,0
2004-03-01,NA,NA,NA,NA,NA,NA,255,23346,93,92.8995,92.1732,152,77.4077,9207,0.01,0.2,0.78,0.77,0.9,0.98,1.01,0
2004-02-01,NA,NA,NA,NA,NA,NA,-103,-712,-565,92.3268,92.1265,-65,77.6963,2966,0.02,-0.100000000000001,0.77,0.9,0.98,1.01,1.03,0
2004-01-01,15248.68,2.26020809556076,4.61614681896094,6.5980810343774,3.52689218114719,2.10104030634,59,-9966,-4182,92.1732,91.5049,-146,77.2041,-2817,-0.02,0,0.9,0.98,1.01,1.03,1.07,0
2003-12-01,NA,NA,NA,NA,NA,NA,67,22506,1490,92.1265,91.3819,-26,77.0642,-172,-0.01,-0.0999999999999996,0.98,1.01,1.03,1.07,1.13,0
2003-11-01,NA,NA,NA,NA,NA,NA,-146,253,454,91.5049,90.7933,116,77.0141,-2019,0,-0.2,1.01,1.03,1.07,1.13,1.13,0
2003-10-01,15162.76,4.61614681896094,6.5980810343774,3.52689218114719,2.10104030634,0.494114897589526,87,14143,-1950,91.3819,90.9869,28,76.4833,5014,-0.02,-0.0999999999999996,1.03,1.07,1.13,1.13,1.22,0
2003-09-01,NA,NA,NA,NA,NA,NA,131,9750,1429,90.7933,90.5196,106,76.3685,5646,0.02,0,1.07,1.13,1.13,1.22,1.16,0
2003-08-01,NA,NA,NA,NA,NA,NA,-30,10575,-1625,90.9869,90.4,-64,75.865,-276,-0.21,-0.100000000000001,1.13,1.13,1.22,1.16,1.11,0
2003-07-01,14988.782,6.5980810343774,3.52689218114719,2.10104030634,0.494114897589526,1.6227496189515,10,10399,1349,90.5196,90.4311,30,76.0121,-187,-0.04,-0.0999999999999996,1.13,1.22,1.16,1.11,1.06,0
2003-06-01,NA,NA,NA,NA,NA,NA,-35,14051,992,90.4,91.0006,116,75.6024,1965,0,0.2,1.22,1.16,1.11,1.06,1.11,0
2003-05-01,NA,NA,NA,NA,NA,NA,87,7355,1769,90.4311,91.2505,108,75.4753,2195,0.01,0.0999999999999996,1.16,1.11,1.06,1.11,1.18,0
2003-04-01,14743.567,3.52689218114719,2.10104030634,0.494114897589526,1.6227496189515,2.443348677388,143,8327,-3724,91.0006,91.1369,-83,75.471,-2898,-0.01,0.0999999999999996,1.11,1.06,1.11,1.18,1.24,0
2003-03-01,NA,NA,NA,NA,NA,NA,-74,-8093,1074,91.2505,90.3906,97,75.9158,-1868,0.02,0,1.06,1.11,1.18,1.24,1.31,0
2003-02-01,NA,NA,NA,NA,NA,NA,-240,-4630,2451,91.1369,90.8947,-224,76.0964,4119,0,0.100000000000001,1.11,1.18,1.24,1.31,1.41,0
2003-01-01,14614.141,2.10104030634,0.494114897589526,1.6227496189515,2.443348677388,3.33152222755828,259,7934,-4092,90.3906,90.3988,65,75.9737,6032,-0.1,-0.2,1.18,1.24,1.31,1.41,1.25,0
2002-12-01,NA,NA,NA,NA,NA,NA,-150,11224,-4420,90.8947,90.6373,35,75.3192,-6061,-0.41,0.0999999999999996,1.24,1.31,1.41,1.25,1.21,0
2002-11-01,NA,NA,NA,NA,NA,NA,-115,5007,993,90.3988,90.5505,105,75.7113,889,0,0.2,1.31,1.41,1.25,1.21,1.37,0
2002-10-01,14537.58,0.494114897589526,1.6227496189515,2.443348677388,3.33152222755828,1.09759452094309,193,7556,297,90.6373,90.6436,-156,75.2771,2296,0.01,0,1.41,1.25,1.21,1.37,1.32,0
2002-09-01,NA,NA,NA,NA,NA,NA,-78,-6874,-2472,90.5505,90.6736,171,75.4643,-10288,0.01,0,1.25,1.21,1.37,1.32,1.34,0
2002-08-01,NA,NA,NA,NA,NA,NA,89,-8121,819,90.6436,89.9348,-22,75.39,2844,-0.02,-0.0999999999999996,1.21,1.37,1.32,1.34,1.27,0
2002-07-01,14519.633,1.6227496189515,2.443348677388,3.33152222755828,1.09759452094309,-1.6057756167271,-131,352,-706,90.6736,89.5507,-62,75.4765,8212,0,0,1.37,1.32,1.34,1.27,1.3,0
2002-06-01,NA,NA,NA,NA,NA,NA,24,-4158,-61,89.9348,89.1265,-47,75.5244,-5784,0,0,1.32,1.34,1.27,1.3,1.38,0
2002-05-01,NA,NA,NA,NA,NA,NA,124,-7305,-2804,89.5507,88.4578,172,74.948,2,0.02,-0.100000000000001,1.34,1.27,1.3,1.38,1.32,0
2002-04-01,14460.848,2.443348677388,3.33152222755828,1.09759452094309,-1.6057756167271,2.49024396590869,-93,13689,1340,89.1265,88.4634,-50,74.683,3999,-0.01,0.2,1.27,1.3,1.38,1.32,1.28,0
2002-03-01,NA,NA,NA,NA,NA,NA,109,-17787,-2823,88.4578,87.8518,-187,74.401,-4553,0.01,0,1.3,1.38,1.32,1.28,0.84,0
2002-02-01,NA,NA,NA,NA,NA,NA,1,3684,-2190,88.4634,87.886,131,73.9315,9082,-0.0900000000000001,0,1.38,1.32,1.28,0.84,0.88,0
2002-01-01,14372.785,3.33152222755828,1.09759452094309,-1.6057756167271,2.49024396590869,-1.31334897965729,37,8965,2515,87.8518,88.4051,130,74.042,-1980,-0.27,0,1.32,1.28,0.84,0.88,0.859999999999999,0
2001-12-01,NA,NA,NA,NA,NA,NA,147,5778,585,87.886,88.6749,-34,73.6523,1493,-0.4,0.2,1.28,0.84,0.88,0.859999999999999,0.83,1
2001-11-01,NA,NA,NA,NA,NA,NA,3,-2030,-371,88.4051,89.157,62,73.8179,-7719,-0.58,0.2,0.84,0.88,0.859999999999999,0.83,0.84,1
2001-10-01,14253.574,1.09759452094309,-1.6057756167271,2.49024396590869,-1.31334897965729,2.3810543139561,-53,8529,-2123,88.6749,89.2352,-22,74.4059,7407,-0.58,0.3,0.88,0.859999999999999,0.83,0.84,0.79,1
2001-09-01,NA,NA,NA,NA,NA,NA,-108,-10053,1808,89.157,89.7811,-5,74.7982,-6361,-0.12,0.0999999999999996,0.859999999999999,0.83,0.84,0.79,0.78,1
2001-08-01,NA,NA,NA,NA,NA,NA,-22,-3006,-751,89.2352,90.2607,-103,75.3826,355,-0.2,0.300000000000001,0.83,0.84,0.79,0.78,0.87,1
2001-07-01,14214.516,-1.6057756167271,2.49024396590869,-1.31334897965729,2.3810543139561,0.407522681486938,-18,-5259,-2056,89.7811,90.7384,34,75.6377,-6221,-0.24,0.0999999999999996,0.84,0.79,0.78,0.87,0.859999999999999,1
2001-06-01,NA,NA,NA,NA,NA,NA,-62,7584,3426,90.2607,91.0585,31,76.3013,-1399,-0.59,0.2,0.79,0.78,0.87,0.859999999999999,0.77,0
2001-05-01,NA,NA,NA,NA,NA,NA,246,5754,2291,90.7384,91.2851,-44,76.9249,5899,-0.51,-0.100000000000001,0.78,0.87,0.859999999999999,0.77,0.779999999999999,0
2001-04-01,14271.694,2.49024396590869,-1.31334897965729,2.3810543139561,0.407522681486938,7.21960413799181,-257,14335,-3511,91.0585,91.8908,59,77.561,-10359,-0.180000000000001,0.100000000000001,0.87,0.859999999999999,0.77,0.779999999999999,0.81,0
2001-03-01,NA,NA,NA,NA,NA,NA,-122,14410,5901,91.2851,92.3457,-35,78.0741,1933,-0.49,0.0999999999999996,0.859999999999999,0.77,0.779999999999999,0.81,0.829999999999999,0
2001-02-01,NA,NA,NA,NA,NA,NA,98,-832,-1782,91.8908,92.6604,25,78.5159,3220,-0.42,0,0.77,0.779999999999999,0.81,0.829999999999999,0.79,0
2001-01-01,14183.12,-1.31334897965729,2.3810543139561,0.407522681486938,7.21960413799181,1.44854760322062,-173,2963,-697,92.3457,92.64,68,79.2915,-11603,-0.109999999999999,0.3,0.779999999999999,0.81,0.829999999999999,0.79,0.73,0
2000-12-01,NA,NA,NA,NA,NA,NA,-44,-8538,655,92.6604,92.9827,-19,79.9449,-733,0,0,0.81,0.829999999999999,0.79,0.73,0.71,0
2000-11-01,NA,NA,NA,NA,NA,NA,190,3954,-45,92.64,92.591,2,80.4815,3234,-0.00999999999999979,0,0.829999999999999,0.79,0.73,0.71,0.699999999999999,0
2000-10-01,14229.765,2.3810543139561,0.407522681486938,7.21960413799181,1.44854760322062,6.50941426842664,-90,1770,-3402,92.9827,92.8373,42,80.7298,-13789,0.0199999999999996,0,0.79,0.73,0.71,0.699999999999999,0.81,0
2000-09-01,NA,NA,NA,NA,NA,NA,98,8989,1321,92.591,93.0018,-34,81.2955,11217,-0.04,-0.2,0.73,0.71,0.699999999999999,0.81,0.91,0
2000-08-01,NA,NA,NA,NA,NA,NA,-160,21546,-847,92.8373,92.9347,78,81.2193,-535,0.00999999999999979,0.0999999999999996,0.71,0.699999999999999,0.81,0.91,0.760000000000001,0
2000-07-01,14145.312,0.407522681486938,7.21960413799181,1.44854760322062,6.50941426842664,5.26868131431257,209,-11616,-1240,93.0018,92.6659,-96,81.7036,-30480,0.260000000000001,0,0.699999999999999,0.81,0.91,0.760000000000001,0.69,0
2000-06-01,NA,NA,NA,NA,NA,NA,-265,-9594,-567,92.9347,92.083,-16,82.1191,31139,0.25,0,0.81,0.91,0.760000000000001,0.69,0.609999999999999,0
2000-05-01,NA,NA,NA,NA,NA,NA,-57,239,1959,92.6659,91.7245,-51,82.335,-6438,0.17,0.2,0.91,0.760000000000001,0.69,0.609999999999999,0.55,0
2000-04-01,14130.908,7.21960413799181,1.44854760322062,6.50941426842664,5.26868131431257,3.32511273982803,-204,-4693,-763,92.083,91.4092,22,82.3741,2914,0.119999999999999,-0.2,0.760000000000001,0.69,0.609999999999999,0.55,0.64,0
2000-03-01,NA,NA,NA,NA,NA,NA,373,15722,-2663,91.7245,91.4784,-133,82.134,8219,0.28,-0.0999999999999996,0.69,0.609999999999999,0.55,0.64,0.79,0
2000-02-01,NA,NA,NA,NA,NA,NA,-118,8797,-1192,91.4092,90.7528,101,82.0943,-17449,0.15,0.0999999999999996,0.609999999999999,0.55,0.64,0.79,0.830000000000001,0
2000-01-01,13878.147,1.44854760322062,6.50941426842664,5.26868131431257,3.32511273982803,3.74019405097883,-88,-4491,-813,91.4784,90.2709,-72,82.0932,5016,-0.12,0,0.55,0.64,0.79,0.830000000000001,0.81,0
1999-12-01,NA,NA,NA,NA,NA,NA,27,8232,-1754,90.7528,89.1304,60,82.4391,9747,0.22,-0.0999999999999996,0.64,0.79,0.830000000000001,0.81,0.75,0
1999-11-01,NA,NA,NA,NA,NA,NA,-117,21293,-673,90.2709,89.5007,40,82.0702,-7950,-0.0199999999999996,0,0.79,0.830000000000001,0.81,0.75,0.76,0
1999-10-01,13827.98,6.50941426842664,5.26868131431257,3.32511273982803,3.74019405097883,6.3855449962098,206,8504,-73,89.1304,89.1098,-27,81.9218,5637,0.149999999999999,-0.100000000000001,0.830000000000001,0.81,0.75,0.76,0.789999999999999,0
1999-09-01,NA,NA,NA,NA,NA,NA,49,9878,474,89.5007,88.5903,-13,81.1741,-504,0.0800000000000001,0,0.81,0.75,0.76,0.789999999999999,0.79,0
1999-08-01,NA,NA,NA,NA,NA,NA,-186,-4291,-208,89.1098,88.6483,-21,81.8026,331,0.23,-0.0999999999999996,0.75,0.76,0.789999999999999,0.79,0.840000000000001,0
1999-07-01,13604.771,5.26868131431257,3.32511273982803,3.74019405097883,6.3855449962098,5.00432603077456,66,6648,-2846,88.5903,88.1082,110,81.7388,6493,0.0199999999999996,0,0.76,0.789999999999999,0.79,0.840000000000001,0.91,0
1999-06-01,NA,NA,NA,NA,NA,NA,54,11809,-2100,88.6483,87.9125,-52,81.5543,-3373,0,0.0999999999999996,0.789999999999999,0.79,0.840000000000001,0.91,0.989999999999999,0
1999-05-01,NA,NA,NA,NA,NA,NA,-145,-1430,-227,88.1082,87.726,58,81.9082,2970,-0.0699999999999994,-0.0999999999999996,0.79,0.840000000000001,0.91,0.989999999999999,1.05,0
1999-04-01,13426.748,3.32511273982803,3.74019405097883,6.3855449962098,5.00432603077456,3.68571859276869,246,-8438,749,87.9125,87.2205,-157,81.7151,-1696,0.0499999999999998,0.0999999999999996,0.840000000000001,0.91,0.989999999999999,1.05,1.01,0
1999-03-01,NA,NA,NA,NA,NA,NA,-303,10918,-2592,87.726,86.8615,40,81.8486,-857,0.13,-0.2,0.91,0.989999999999999,1.05,1.01,0.93,0
1999-02-01,NA,NA,NA,NA,NA,NA,315,17490,-1131,87.2205,86.5115,-78,82.0031,-981,-0.0499999999999998,0.100000000000001,0.989999999999999,1.05,1.01,0.93,0.81,0
1999-01-01,13315.597,3.74019405097883,6.3855449962098,5.00432603077456,3.68571859276869,3.99499595454031,-268,1829,428,86.8615,86.591,-44,81.8698,8103,-0.15,-0.100000000000001,1.05,1.01,0.93,0.81,0.69,0
1998-12-01,NA,NA,NA,NA,NA,NA,97,-856,-358,86.5115,86.0023,132,81.8823,-3976,-0.24,0,1.01,0.93,0.81,0.69,0.62,0
1998-11-01,NA,NA,NA,NA,NA,NA,71,-98,5,86.591,86.0816,-55,81.9145,3873,-0.44,-0.0999999999999996,0.93,0.81,0.69,0.62,0.600000000000001,0
1998-10-01,13191.67,6.3855449962098,5.00432603077456,3.68571859276869,3.99499595454031,3.4009420197485,6,382,1208,86.0023,84.3445,133,82.3679,-2895,-0.04,-0.0999999999999996,0.81,0.69,0.62,0.600000000000001,0.6,0
1998-09-01,NA,NA,NA,NA,NA,NA,-137,9405,-2079,86.0816,84.6809,-32,82.1974,2389,0.00999999999999979,0.0999999999999996,0.69,0.62,0.600000000000001,0.6,0.609999999999999,0
1998-08-01,NA,NA,NA,NA,NA,NA,200,1616,-702,84.3445,85.1867,-84,82.6826,8574,-0.0199999999999996,0,0.62,0.600000000000001,0.6,0.609999999999999,0.64,0
1998-07-01,12982.752,5.00432603077456,3.68571859276869,3.99499595454031,3.4009420197485,4.96335452775156,-95,-6637,955,84.6809,84.6339,57,81.4369,-1730,0.0699999999999994,0,0.600000000000001,0.6,0.609999999999999,0.64,0.600000000000001,0
1998-06-01,NA,NA,NA,NA,NA,NA,-170,28852,-262,85.1867,84.342,105,82.2129,-8445,0.04,0.0999999999999996,0.6,0.609999999999999,0.64,0.600000000000001,0.58,0
1998-05-01,NA,NA,NA,NA,NA,NA,119,-26,-1060,84.6339,84.3066,-4,83.1957,-281,-0.04,0.100000000000001,0.609999999999999,0.64,0.600000000000001,0.58,0.58,0
1998-04-01,12821.339,3.68571859276869,3.99499595454031,3.4009420197485,4.96335452775156,6.60602040106966,133,7445,-1316,84.342,84.1564,-27,83.1697,4029,-0.0199999999999996,-0.4,0.64,0.600000000000001,0.58,0.58,0.56,0
1998-03-01,NA,NA,NA,NA,NA,NA,-63,18785,-788,84.3066,83.784,-17,83.4139,-4384,-0.0499999999999998,0.100000000000001,0.600000000000001,0.58,0.58,0.56,0.55,0
1998-02-01,NA,NA,NA,NA,NA,NA,-46,2435,513,84.1564,83.427,59,83.9236,6982,0.0599999999999996,0,0.58,0.58,0.56,0.55,0.57,0
1998-01-01,12703.742,3.99499595454031,3.4009420197485,4.96335452775156,6.60602040106966,2.57347653523041,-66,3665,-1503,83.784,82.7656,-41,84.3255,518,-0.0199999999999996,-0.100000000000001,0.58,0.56,0.55,0.57,0.55,0
1997-12-01,NA,NA,NA,NA,NA,NA,21,-1689,-697,83.427,82.0327,56,84.5069,-17417,0.0199999999999996,0.100000000000001,0.56,0.55,0.57,0.55,0.600000000000001,0
1997-11-01,NA,NA,NA,NA,NA,NA,-47,-9486,180,82.7656,81.2825,-10,84.6992,13386,-0.04,-0.100000000000001,0.55,0.57,0.55,0.600000000000001,0.61,0
1997-10-01,12577.495,3.4009420197485,4.96335452775156,6.60602040106966,2.57347653523041,4.13206201974745,-140,6670,-526,82.0327,80.4666,-26,84.5733,-34,0,-0.2,0.57,0.55,0.600000000000001,0.61,0.609999999999999,0
1997-09-01,NA,NA,NA,NA,NA,NA,517,6933,-1710,81.2825,79.7971,156,84.3562,533,0.0200000000000005,0.100000000000001,0.55,0.600000000000001,0.61,0.609999999999999,0.619999999999999,0
1997-08-01,NA,NA,NA,NA,NA,NA,-326,2183,121,80.4666,79.4296,-47,84.0989,-1558,-0.04,-0.100000000000001,0.600000000000001,0.61,0.609999999999999,0.619999999999999,0.609999999999999,0
1997-07-01,12471.01,4.96335452775156,6.60602040106966,2.57347653523041,4.13206201974745,3.57213717308511,42,11014,1240,79.7971,78.9848,-57,83.75,4032,0.0599999999999996,-0.0999999999999996,0.61,0.609999999999999,0.619999999999999,0.609999999999999,0.63,0
1997-06-01,NA,NA,NA,NA,NA,NA,-16,1653,-308,79.4296,78.9197,52,83.5281,6242,-0.00999999999999979,0.0999999999999996,0.609999999999999,0.619999999999999,0.609999999999999,0.63,0.630000000000001,0
1997-05-01,NA,NA,NA,NA,NA,NA,-25,8568,297,78.9848,78.4255,-50,83.6033,-5468,0.12,-0.199999999999999,0.619999999999999,0.609999999999999,0.63,0.630000000000001,0.67,0
1997-04-01,12317.221,6.60602040106966,2.57347653523041,4.13206201974745,3.57213717308511,6.61674672356298,-20,-4292,1393,78.9197,77.5135,35,83.5773,6486,0.199999999999999,-0.100000000000001,0.609999999999999,0.63,0.630000000000001,0.67,0.69,0
1997-03-01,NA,NA,NA,NA,NA,NA,0,5052,1493,78.4255,77.3772,-29,83.9386,-2653,-0.0599999999999996,0,0.63,0.630000000000001,0.67,0.69,0.69,0
1997-02-01,NA,NA,NA,NA,NA,NA,103,6807,-794,77.5135,76.8973,131,83.8357,8394,-0.04,-0.0999999999999996,0.630000000000001,0.67,0.69,0.69,0.680000000000001,0
1997-01-01,12115.472,2.57347653523041,4.13206201974745,3.57213717308511,6.61674672356298,2.98503469240003,18,2530,-3207,77.3772,76.2157,-15,83.2734,-505,-0.0199999999999996,-0.100000000000001,0.67,0.69,0.69,0.680000000000001,0.69,0
1996-12-01,NA,NA,NA,NA,NA,NA,-86,-14734,-633,76.8973,76.2302,-119,83.5292,-8451,0.0699999999999994,0,0.69,0.69,0.680000000000001,0.69,0.72,0
1996-11-01,NA,NA,NA,NA,NA,NA,17,-949,3560,76.2157,75.7557,97,83.4158,5517,-0.0599999999999996,0.2,0.69,0.680000000000001,0.69,0.72,0.699999999999999,0
1996-10-01,12037.775,4.13206201974745,3.57213717308511,6.61674672356298,2.98503469240003,2.70714669877208,63,6295,162,76.2302,75.3738,-83,83.0746,-176,0.0800000000000001,0,0.680000000000001,0.69,0.72,0.699999999999999,0.69,0
1996-09-01,NA,NA,NA,NA,NA,NA,23,11507,-225,75.7557,75.3726,-82,83.4837,8132,-0.180000000000001,0.100000000000001,0.69,0.72,0.699999999999999,0.69,0.680000000000001,0
1996-08-01,NA,NA,NA,NA,NA,NA,-70,4060,-2672,75.3738,74.8142,85,83.3523,-6278,0.130000000000001,-0.4,0.72,0.699999999999999,0.69,0.680000000000001,0.69,0
1996-07-01,11914.063,3.57213717308511,6.61674672356298,2.98503469240003,2.70714669877208,3.38850890428262,-25,-2251,1799,75.3726,74.2491,5,83.3175,-1011,0.0299999999999994,0.2,0.699999999999999,0.69,0.680000000000001,0.69,0.68,0
1996-06-01,NA,NA,NA,NA,NA,NA,-64,1964,-515,74.8142,73.5141,-37,83.7026,97,0.0200000000000005,-0.3,0.69,0.680000000000001,0.69,0.68,0.64,0
1996-05-01,NA,NA,NA,NA,NA,NA,172,9722,-988,74.2491,73.6207,-12,83.4707,7672,-0.0899999999999999,0,0.680000000000001,0.69,0.68,0.64,0.66,0
1996-04-01,11808.14,6.61674672356298,2.98503469240003,2.70714669877208,3.38850890428262,NA,-89,15926,-437,73.5141,72.5712,92,83.2259,-8146,0.0899999999999999,0.0999999999999996,0.69,0.68,0.64,0.66,0.67,0
1996-03-01,NA,NA,NA,NA,NA,NA,-165,6486,1146,73.6207,72.9638,-67,82.7819,14203,-0.34,0,0.68,0.64,0.66,0.67,0.66,0
1996-02-01,NA,NA,NA,NA,NA,NA,428,-7086,-2194,72.5712,72.717,24,83.2784,-5033,-0.04,-0.0999999999999996,0.64,0.66,0.67,0.66,0.63,0
1996-01-01,11614.418,2.98503469240003,2.70714669877208,3.38850890428262,NA,NA,-168,17185,243,72.9638,72.5336,36,82.4552,-7473,-0.2,0,0.66,0.67,0.66,0.63,0.609999999999999,0
1995-12-01,NA,NA,NA,NA,NA,NA,21,508,-400,72.717,72.6543,-21,83.2653,7133,0.04,0,0.67,0.66,0.63,0.609999999999999,0.619999999999999,0
1995-11-01,NA,NA,NA,NA,NA,NA,-14,2313,-190,72.5336,72.3723,83,83.3377,673,-0.04,0.0999999999999996,0.66,0.63,0.609999999999999,0.619999999999999,0.629999999999999,0
1995-10-01,11528.067,2.70714669877208,3.38850890428262,NA,NA,NA,-74,1121,780,72.6543,71.4334,0,83.4711,-4702,0.0599999999999996,-0.0999999999999996,0.63,0.609999999999999,0.619999999999999,0.629999999999999,0.600000000000001,0
1995-09-01,NA,NA,NA,NA,NA,NA,-37,3015,984,72.3723,71.7327,-47,83.9436,5803,-0.109999999999999,-0.100000000000001,0.609999999999999,0.619999999999999,0.629999999999999,0.600000000000001,0.549999999999999,0
1995-08-01,NA,NA,NA,NA,NA,NA,173,3654,2935,71.4334,71.4997,-45,83.9385,5457,-0.15,0,0.619999999999999,0.629999999999999,0.600000000000001,0.549999999999999,0.57,0
1995-07-01,11450.31,3.38850890428262,NA,NA,NA,NA,-153,1211,-1533,71.7327,71.1538,180,83.1565,-1136,-0.00999999999999979,0.100000000000001,0.629999999999999,0.600000000000001,0.549999999999999,0.57,NA,0
1995-06-01,NA,NA,NA,NA,NA,NA,262,3565,519,71.4997,NA,-33,83.8038,-2787,-0.04,0,0.600000000000001,0.549999999999999,0.57,NA,NA,0
1995-05-01,NA,NA,NA,NA,NA,NA,NA,-530,NA,71.1538,NA,47,83.8228,1437,NA,-0.2,0.549999999999999,0.57,NA,NA,NA,0
1995-04-01,11353.721,NA,NA,NA,NA,NA,NA,NA,NA,NA,NA,NA,83.7001,NA,NA,NA,0.57,NA,NA,NA,NA,0
