"date","raw_GDP","GDP","GDP_lag1","GDP_lag2","GDP_lag3","GDP_lag4","Nonfarm_Payrolls_lag1","Retail_Sales_lag1","Industrial_Production_lag1","Housing_Starts_lag1","junk_bond_spread","junk_bond_spread_lag1","junk_bond_spread_lag2","junk_bond_spread_lag3","junk_bond_spread_lag4","yield_spread","yield_spread_lag1","yield_spread_lag2","yield_spread_lag3","yield_spread_lag4"
2025-02-01,NA,NA,NA,NA,NA,NA,125,-9036,0.527699999999996,-149,0.6,0.62,0.6,0.640000000000001,0.68,0.12,0.29,0,-0.26,-0.62
2025-01-01,NA,NA,NA,NA,NA,135.999,323,5257,1.0097,210,0.62,0.6,0.640000000000001,0.68,0.74,0.29,0,-0.26,-0.62,-1.2
2024-12-01,NA,NA,NA,NA,135.999,NA,261,4686,-0.148299999999992,-39,0.6,0.640000000000001,0.68,0.74,0.73,0,-0.26,-0.62,-1.2,-1.43
2024-11-01,NA,NA,NA,135.999,NA,NA,44,4005,-0.465400000000002,-11,0.640000000000001,0.68,0.74,0.73,0.72,-0.26,-0.62,-1.2,-1.43,-1.18
2024-10-01,NA,NA,135.999,NA,NA,176.388000000003,240,6350,-0.432299999999998,-24,0.68,0.74,0.73,0.72,0.69,-0.62,-1.2,-1.43,-1.18,-1.2
2024-09-01,23536.293,135.999,NA,NA,176.388000000003,NA,71,-813,0.500399999999999,117,0.74,0.73,0.72,0.69,0.7,-1.2,-1.43,-1.18,-1.2,-0.97
2024-08-01,NA,NA,NA,176.388000000003,NA,NA,88,8501,-0.734200000000001,-67,0.73,0.72,0.69,0.7,0.72,-1.43,-1.18,-1.2,-0.97,-0.9
2024-07-01,NA,NA,176.388000000003,NA,NA,170.361000000001,87,-1959,0.273700000000005,14,0.72,0.69,0.7,0.72,0.74,-1.18,-1.2,-0.97,-0.9,-1.26
2024-06-01,23400.294,176.388000000003,NA,NA,170.361000000001,NA,193,1628,0.622899999999987,-62,0.69,0.7,0.72,0.74,0.739999999999999,-1.2,-0.97,-0.9,-1.26,-1.23
2024-05-01,NA,NA,NA,170.361000000001,NA,NA,118,-1057,-0.161799999999999,78,0.7,0.72,0.74,0.739999999999999,0.81,-0.97,-0.9,-1.26,-1.23,-1.39
2024-04-01,NA,NA,170.361000000001,NA,NA,92.9449999999997,246,2806,-0.208099999999988,-247,0.72,0.74,0.739999999999999,0.81,0.899999999999999,-0.9,-1.26,-1.23,-1.39,-1.42
2024-03-01,23223.906,170.361000000001,NA,NA,92.9449999999997,NA,222,6801,1.24369999999999,170,0.74,0.739999999999999,0.81,0.899999999999999,1.01,-1.26,-1.23,-1.39,-1.42,-1.02
2024-02-01,NA,NA,NA,92.9449999999997,NA,NA,119,-5690,-1.14789999999999,-192,0.739999999999999,0.81,0.899999999999999,1.01,1.02,-1.23,-1.39,-1.42,-1.02,-0.8
2024-01-01,NA,NA,92.9449999999997,NA,NA,179.666999999998,269,2654,-0.255899999999997,58,0.81,0.899999999999999,1.01,1.02,1.03,-1.39,-1.42,-1.02,-0.8,-1.18
2023-12-01,23053.545,92.9449999999997,NA,NA,179.666999999998,NA,141,-2198,0.308699999999988,145,0.899999999999999,1.01,1.02,1.03,1.07,-1.42,-1.02,-0.8,-1.18,-1.39
2023-11-01,NA,NA,NA,179.666999999998,NA,NA,186,-2744,-0.72999999999999,2,1.01,1.02,1.03,1.07,1.08,-1.02,-0.8,-1.18,-1.39,-1.59
2023-10-01,NA,NA,179.666999999998,NA,NA,241.514999999999,158,5871,0.212999999999994,58,1.02,1.03,1.07,1.08,1.1,-0.8,-1.18,-1.39,-1.59,-1.67
2023-09-01,22960.6,179.666999999998,NA,NA,241.514999999999,NA,157,5597,0.022900000000007,-168,1.03,1.07,1.08,1.1,1.1,-1.18,-1.39,-1.59,-1.67,-1.74
2023-08-01,NA,NA,NA,241.514999999999,NA,NA,148,1831,0.691299999999998,58,1.07,1.08,1.1,1.1,1.06,-1.39,-1.59,-1.67,-1.74,-1.61
2023-07-01,NA,NA,241.514999999999,NA,NA,135.983,257,2138,-0.600000000000009,-168,1.08,1.1,1.1,1.06,1.11,-1.59,-1.67,-1.74,-1.61,-1.2
2023-06-01,22780.933,241.514999999999,NA,NA,135.983,NA,227,2974,-0.243200000000002,215,1.1,1.1,1.06,1.11,1.03,-1.67,-1.74,-1.61,-1.2,-1.04
2023-05-01,NA,NA,NA,135.983,NA,NA,216,4631,0.409800000000004,26,1.1,1.06,1.11,1.03,1.1,-1.74,-1.61,-1.2,-1.04,-1.16
2023-04-01,NA,NA,135.983,NA,NA,153.976000000002,85,-7367,0.01400000000001,-62,1.06,1.11,1.03,1.1,1.16,-1.61,-1.2,-1.04,-1.16,-0.74
2023-03-01,22539.418,135.983,NA,NA,153.976000000002,NA,306,-7392,0.0526999999999873,43,1.11,1.03,1.1,1.16,1.17,-1.2,-1.04,-1.16,-0.74,-0.43
2023-02-01,NA,NA,NA,153.976000000002,NA,NA,444,27092,0.921000000000006,21,1.03,1.1,1.16,1.17,1.16,-1.04,-1.16,-0.74,-0.43,0.11
2023-01-01,NA,NA,153.976000000002,NA,NA,182.674999999999,126,-6940,-1.2792,-80,1.1,1.16,1.17,1.16,1.1,-1.16,-0.74,-0.43,0.11,0.3
2022-12-01,22403.435,153.976000000002,NA,NA,182.674999999999,NA,297,-8074,-0.338399999999993,-20,1.16,1.17,1.16,1.1,1.08,-0.74,-0.43,0.11,0.3,0.18
2022-11-01,NA,NA,NA,182.674999999999,NA,NA,400,8436,-0.0884000000000071,-30,1.17,1.16,1.1,1.08,1.15,-0.43,0.11,0.3,0.18,0.6
2022-10-01,NA,NA,182.674999999999,NA,NA,147.561999999998,227,-1795,0.362300000000005,-50,1.16,1.1,1.08,1.15,1.03,0.11,0.3,0.18,0.6,1.6
2022-09-01,22249.459,182.674999999999,NA,NA,147.561999999998,NA,237,4040,0.119799999999998,128,1.1,1.08,1.15,1.03,0.99,0.3,0.18,0.6,1.6,1.91
2022-08-01,NA,NA,NA,147.561999999998,NA,NA,696,-4635,0.228099999999998,-150,1.08,1.15,1.03,0.99,0.9,0.18,0.6,1.6,1.91,1.99
2022-07-01,NA,NA,147.561999999998,NA,NA,15.372000000003,461,4662,-0.143500000000003,2,1.15,1.03,0.99,0.9,0.86,0.6,1.6,1.91,1.99,1.68
2022-06-01,22066.784,147.561999999998,NA,NA,15.372000000003,NA,241,-2205,0.0635000000000048,-288,1.03,0.99,0.9,0.86,0.72,1.6,1.91,1.99,1.68,1.62
2022-05-01,NA,NA,NA,15.372000000003,NA,NA,305,9078,0.229200000000006,150,0.99,0.9,0.86,0.72,0.65,1.91,1.99,1.68,1.62,1.61
2022-04-01,NA,NA,15.372000000003,NA,NA,-56.5380000000005,471,13645,0.827399999999997,-64,0.9,0.86,0.72,0.65,0.65,1.99,1.68,1.62,1.61,1.4
2022-03-01,21919.222,15.372000000003,NA,NA,-56.5380000000005,NA,869,6488,0.631199999999993,30,0.86,0.72,0.65,0.65,0.66,1.68,1.62,1.61,1.4,1.51
2022-02-01,NA,NA,NA,-56.5380000000005,NA,NA,225,11519,0.0198000000000036,-45,0.72,0.65,0.65,0.66,0.67,1.62,1.61,1.4,1.51,1.53
2022-01-01,NA,NA,-56.5380000000005,NA,NA,388.967000000001,575,-5260,-0.073599999999999,53,0.65,0.65,0.66,0.67,0.7,1.61,1.4,1.51,1.53,1.33
2021-12-01,21903.85,-56.5380000000005,NA,NA,388.967000000001,NA,637,7213,0.914199999999994,117,0.65,0.66,0.67,0.7,0.69,1.4,1.51,1.53,1.33,1.23
2021-11-01,NA,NA,NA,388.967000000001,NA,NA,857,10033,1.3587,24,0.66,0.67,0.7,0.69,0.67,1.51,1.53,1.33,1.23,1.27
2021-10-01,NA,NA,388.967000000001,NA,NA,182.415999999997,466,3637,-1.0457,-32,0.67,0.7,0.69,0.67,0.65,1.53,1.33,1.23,1.27,1.48
2021-09-01,21960.388,388.967000000001,NA,NA,182.415999999997,NA,487,4245,-0.0255999999999972,-5,0.7,0.69,0.67,0.65,0.66,1.33,1.23,1.27,1.48,1.6
2021-08-01,NA,NA,NA,182.415999999997,NA,NA,931,-9478,0.418499999999995,-38,0.69,0.67,0.65,0.66,0.7,1.23,1.27,1.48,1.6,1.61
2021-07-01,NA,NA,182.415999999997,NA,NA,330.626,796,6582,0.461600000000004,31,0.67,0.65,0.66,0.7,0.7,1.27,1.48,1.6,1.61,1.58
2021-06-01,21571.421,182.415999999997,NA,NA,330.626,NA,421,-7162,0.855000000000004,115,0.65,0.66,0.7,0.7,0.72,1.48,1.6,1.61,1.58,1.22
2021-05-01,NA,NA,NA,330.626,NA,NA,365,6357,0.138800000000003,-176,0.66,0.7,0.7,0.72,0.79,1.6,1.61,1.58,1.22,1
2021-04-01,NA,NA,330.626,NA,NA,286.688000000002,824,60859,2.6857,261,0.7,0.7,0.72,0.79,0.9,1.61,1.58,1.22,1,0.84
2021-03-01,21389.005,330.626,NA,NA,286.688000000002,NA,509,-15021,-3.30630000000001,-232,0.7,0.72,0.79,0.9,1,1.58,1.22,1,0.84,0.78
2021-02-01,NA,NA,NA,286.688000000002,NA,NA,365,21210,0.6096,4,0.72,0.79,0.9,1,1.09,1.22,1,0.84,0.78,0.69
2021-01-01,NA,NA,286.688000000002,NA,NA,222.897999999997,-183,4879,1.251,82,0.79,0.9,1,1.09,1.05,1,0.84,0.78,0.69,0.57
2020-12-01,21058.379,286.688000000002,NA,NA,222.897999999997,NA,270,-4850,0.427300000000002,10,0.9,1,1.09,1.05,1.02,0.84,0.78,0.69,0.57,0.55
2020-11-01,NA,NA,NA,222.897999999997,NA,NA,691,-1860,0.634199999999993,80,1,1.09,1.05,1.02,1.17,0.78,0.69,0.57,0.55,0.49
2020-10-01,NA,NA,222.897999999997,NA,NA,1492.176,951,10708,-0.0379999999999967,62,1.09,1.05,1.02,1.17,1.2,0.69,0.57,0.55,0.49,0.57
2020-09-01,20771.691,222.897999999997,NA,NA,1492.176,NA,1564,4779,0.925700000000006,-122,1.05,1.02,1.17,1.2,1.45,0.57,0.55,0.49,0.57,0.54
2020-08-01,NA,NA,NA,1492.176,NA,NA,1584,8674,3.3292,269,1.02,1.17,1.2,1.45,1.7,0.55,0.49,0.57,0.54,0.52
2020-07-01,NA,NA,1492.176,NA,NA,-1636.621,4631,41992,5.66369999999999,201,1.17,1.2,1.45,1.7,1.27,0.49,0.57,0.54,0.52,0.57
2020-06-01,20548.793,1492.176,NA,NA,-1636.621,NA,2616,76666,1.3296,122,1.2,1.45,1.7,1.27,0.83,0.57,0.54,0.52,0.57,-0.04
2020-05-01,NA,NA,NA,-1636.621,NA,NA,-20471,-69364,-12.9248,-321,1.45,1.7,1.27,0.83,0.83,0.54,0.52,0.57,-0.04,0.21
2020-04-01,NA,NA,-1636.621,NA,NA,-292.209999999999,-1397,-47704,-4.06580000000001,-285,1.7,1.27,0.83,0.83,0.87,0.52,0.57,-0.04,0.21,0.29
2020-03-01,19056.617,-1636.621,NA,NA,-292.209999999999,NA,261,-31,0.334600000000009,-41,1.27,0.83,0.83,0.87,0.88,0.57,-0.04,0.21,0.29,0.24
2020-02-01,NA,NA,NA,-292.209999999999,NA,NA,236,457,-0.604900000000001,30,0.83,0.83,0.87,0.88,0.91,-0.04,0.21,0.29,0.24,0.03
2020-01-01,NA,NA,-292.209999999999,NA,NA,142.126,127,1834,-0.207300000000004,195,0.83,0.87,0.88,0.91,0.88,0.21,0.29,0.24,0.03,-0.23
2019-12-01,20693.238,-292.209999999999,NA,NA,142.126,NA,208,3325,0.561599999999999,28,0.87,0.88,0.91,0.88,0.89,0.29,0.24,0.03,-0.23,-0.36
2019-11-01,NA,NA,NA,142.126,NA,NA,95,1607,-0.872299999999996,14,0.88,0.91,0.88,0.89,0.99,0.24,0.03,-0.23,-0.36,-0.08
2019-10-01,NA,NA,142.126,NA,NA,241.046999999999,194,-3160,-0.321300000000008,-64,0.91,0.88,0.89,0.99,1.04,0.03,-0.23,-0.36,-0.08,-0.15
2019-09-01,20985.448,142.126,NA,NA,241.046999999999,NA,235,3074,0.775700000000001,135,0.88,0.89,0.99,1.04,0.96,-0.23,-0.36,-0.08,-0.15,0
2019-08-01,NA,NA,NA,241.046999999999,NA,NA,97,4558,-0.536799999999999,-3,0.89,0.99,1.04,0.96,1.01,-0.36,-0.08,-0.15,0,0.1
2019-07-01,NA,NA,241.046999999999,NA,NA,170.634000000002,218,786,0.124900000000011,-50,0.99,1.04,0.96,1.01,1.07,-0.08,-0.15,0,0.1,0.12
2019-06-01,20843.322,241.046999999999,NA,NA,170.634000000002,NA,28,3366,0.142799999999994,21,1.04,0.96,1.01,1.07,1.16,-0.15,0,0.1,0.12,0.24
2019-05-01,NA,NA,NA,170.634000000002,NA,NA,298,620,-0.561300000000003,81,0.96,1.01,1.07,1.16,1.19,0,0.1,0.12,0.24,0.29
2019-04-01,NA,NA,170.634000000002,NA,NA,126.767,230,8016,0.0109999999999957,70,1.01,1.07,1.16,1.19,1.11,0.1,0.12,0.24,0.29,0.42
2019-03-01,20602.275,170.634000000002,NA,NA,126.767,NA,6,720,-0.534700000000001,-105,1.07,1.16,1.19,1.11,1,0.12,0.24,0.29,0.42,0.75
2019-02-01,NA,NA,NA,126.767,NA,NA,250,3235,-0.685299999999998,131,1.16,1.19,1.11,1,0.930000000000001,0.24,0.29,0.42,0.75,0.86
2019-01-01,NA,NA,126.767,NA,NA,28.7200000000012,192,-10305,0.0324999999999989,-86,1.19,1.11,1,0.930000000000001,0.9,0.29,0.42,0.75,0.86,0.83
2018-12-01,20431.641,126.767,NA,NA,28.7200000000012,NA,91,1656,0.0829000000000093,-40,1.11,1,0.930000000000001,0.9,0.89,0.42,0.75,0.86,0.83,0.82
2018-11-01,NA,NA,NA,28.7200000000012,NA,NA,168,5589,-0.17410000000001,-29,1,0.930000000000001,0.9,0.89,0.92,0.75,0.86,0.83,0.82,0.9
2018-10-01,NA,NA,28.7200000000012,NA,NA,125.678,79,-1929,0.0453000000000117,-38,0.930000000000001,0.9,0.89,0.92,0.87,0.86,0.83,0.82,0.9,0.97
2018-09-01,20304.874,28.7200000000012,NA,NA,125.678,NA,259,-293,0.702399999999997,80,0.9,0.89,0.92,0.87,0.83,0.83,0.82,0.9,0.97,1.08
2018-08-01,NA,NA,NA,125.678,NA,NA,61,3037,0.130499999999998,16,0.89,0.92,0.87,0.83,0.82,0.82,0.9,0.97,1.08,1.08
2018-07-01,NA,NA,125.678,NA,NA,106.398999999998,219,-1712,0.8446,-165,0.92,0.87,0.83,0.82,0.77,0.9,0.97,1.08,1.08,1.11
2018-06-01,20276.154,125.678,NA,NA,106.398999999998,NA,318,6432,-0.974099999999993,81,0.87,0.83,0.82,0.77,0.69,0.97,1.08,1.08,1.11,1.27
2018-05-01,NA,NA,NA,106.398999999998,NA,NA,142,1476,1.16079999999999,-42,0.83,0.82,0.77,0.69,0.71,1.08,1.08,1.11,1.27,1.15
2018-04-01,NA,NA,106.398999999998,NA,NA,161.725000000002,226,-312,0.462400000000002,41,0.82,0.77,0.69,0.71,0.71,1.08,1.11,1.27,1.15,1.06
2018-03-01,20150.476,106.398999999998,NA,NA,161.725000000002,NA,394,2908,0.24669999999999,-22,0.77,0.69,0.71,0.71,0.7,1.11,1.27,1.15,1.06,1.1
2018-02-01,NA,NA,NA,161.725000000002,NA,NA,137,-2153,-0.00189999999999202,122,0.69,0.71,0.71,0.7,0.72,1.27,1.15,1.06,1.1,1.27
2018-01-01,NA,NA,161.725000000002,NA,NA,221.585999999999,150,2566,0.237799999999993,-96,0.71,0.71,0.7,0.72,0.67,1.15,1.06,1.1,1.27,1.15
2017-12-01,20044.077,161.725000000002,NA,NA,221.585999999999,NA,223,5165,0.260000000000005,16,0.71,0.7,0.72,0.67,0.68,1.06,1.1,1.27,1.15,1.18
2017-11-01,NA,NA,NA,221.585999999999,NA,NA,143,685,1.2411,76,0.7,0.72,0.67,0.68,0.69,1.1,1.27,1.15,1.18,1.23
2017-10-01,NA,NA,221.585999999999,NA,NA,153.816999999999,88,9714,0.115899999999996,22,0.72,0.67,0.68,0.69,0.69,1.27,1.15,1.18,1.23,1.19
2017-09-01,19882.352,221.585999999999,NA,NA,153.816999999999,NA,147,897,-0.4542,-47,0.67,0.68,0.69,0.69,0.7,1.15,1.18,1.23,1.19,1.4
2017-08-01,NA,NA,NA,153.816999999999,NA,NA,189,6,-0.250500000000002,-43,0.68,0.69,0.69,0.7,0.7,1.18,1.23,1.19,1.4,1.49
2017-07-01,NA,NA,153.816999999999,NA,NA,108.606,203,1916,0.209000000000003,92,0.69,0.69,0.7,0.7,0.67,1.23,1.19,1.4,1.49,1.73
2017-06-01,19660.766,153.816999999999,NA,NA,108.606,NA,206,-2356,0.0863999999999976,11,0.69,0.7,0.7,0.67,0.69,1.19,1.4,1.49,1.73,1.89
2017-05-01,NA,NA,NA,108.606,NA,NA,205,1837,0.992400000000004,-44,0.7,0.7,0.67,0.69,0.74,1.4,1.49,1.73,1.89,1.91
2017-04-01,NA,NA,108.606,NA,NA,93.9910000000018,121,-796,0.613600000000005,-81,0.7,0.67,0.69,0.74,0.77,1.49,1.73,1.89,1.91,1.98
2017-03-01,19506.949,108.606,NA,NA,93.9910000000018,NA,220,-74,-0.380200000000002,81,0.67,0.69,0.74,0.77,0.85,1.73,1.89,1.91,1.98,1.69
2017-02-01,NA,NA,NA,93.9910000000018,NA,NA,220,5167,-0.224800000000002,-62,0.69,0.74,0.77,0.85,0.87,1.89,1.91,1.98,1.69,1.43
2017-01-01,NA,NA,93.9910000000018,NA,NA,106.414000000001,225,5621,0.696299999999994,112,0.74,0.77,0.85,0.87,0.899999999999999,1.91,1.98,1.69,1.43,1.34
2016-12-01,19398.343,93.9910000000018,NA,NA,106.414000000001,NA,117,-131,-0.37939999999999,-173,0.77,0.85,0.87,0.899999999999999,0.92,1.98,1.69,1.43,1.34,1.26
2016-11-01,NA,NA,NA,106.414000000001,NA,NA,99,962,0.0685000000000002,245,0.85,0.87,0.899999999999999,0.92,0.94,1.69,1.43,1.34,1.26,1.2
2016-10-01,NA,NA,106.414000000001,NA,NA,135.228999999999,305,3025,-0.0875000000000057,-103,0.87,0.899999999999999,0.92,0.94,1.03,1.43,1.34,1.26,1.2,1.37
2016-09-01,19304.352,106.414000000001,NA,NA,135.228999999999,NA,142,481,-0.102500000000006,-68,0.899999999999999,0.92,0.94,1.03,1.03,1.34,1.26,1.2,1.37,1.53
2016-08-01,NA,NA,NA,135.228999999999,NA,NA,374,-817,0.113700000000009,36,0.92,0.94,1.03,1.03,1.17,1.26,1.2,1.37,1.53,1.58
2016-07-01,NA,NA,135.228999999999,NA,NA,61.0190000000002,246,4813,0.476599999999991,55,0.94,1.03,1.03,1.17,1.31,1.2,1.37,1.53,1.58,1.59
2016-06-01,19197.938,135.228999999999,NA,NA,61.0190000000002,NA,45,1660,-0.2226,-15,1.03,1.03,1.17,1.31,1.38,1.37,1.53,1.58,1.59,1.47
2016-05-01,NA,NA,NA,61.0190000000002,NA,NA,193,1776,0.314000000000007,52,1.03,1.17,1.31,1.38,1.45,1.53,1.58,1.59,1.47,1.83
2016-04-01,NA,NA,61.0190000000002,NA,NA,109.484,255,-1436,-0.759699999999995,-114,1.17,1.31,1.38,1.45,1.49,1.58,1.59,1.47,1.83,2.01
2016-03-01,19062.709,61.0190000000002,NA,NA,109.484,NA,197,4522,-0.515900000000002,133,1.31,1.38,1.45,1.49,1.4,1.59,1.47,1.83,2.01,2.13
2016-02-01,NA,NA,NA,109.484,NA,NA,133,-3222,0.49199999999999,-54,1.38,1.45,1.49,1.4,1.39,1.47,1.83,2.01,2.13,2.05
2016-01-01,NA,NA,109.484,NA,NA,34.7879999999968,269,1860,-0.489499999999992,-26,1.45,1.49,1.4,1.39,1.27,1.83,2.01,2.13,2.05,2.15
2015-12-01,19001.69,109.484,NA,NA,34.7879999999968,NA,229,1833,-0.719700000000003,114,1.49,1.4,1.39,1.27,1.15,2.01,2.13,2.05,2.15,2.1
2015-11-01,NA,NA,NA,34.7879999999968,NA,NA,304,-1185,-0.476699999999994,-166,1.4,1.39,1.27,1.15,1.05,2.13,2.05,2.15,2.1,2.29
2015-10-01,NA,NA,34.7879999999968,NA,NA,75.1750000000029,150,-2078,-0.283500000000004,94,1.39,1.27,1.15,1.05,0.94,2.05,2.15,2.1,2.29,2.34
2015-09-01,18892.206,34.7879999999968,NA,NA,75.1750000000029,NA,134,25,-0.172799999999995,-16,1.27,1.15,1.05,0.94,0.91,2.15,2.1,2.29,2.34,2.18
2015-08-01,NA,NA,NA,75.1750000000029,NA,NA,282,3571,0.630499999999998,-59,1.15,1.05,0.94,0.91,0.96,2.1,2.29,2.34,2.18,1.92
2015-07-01,NA,NA,75.1750000000029,NA,NA,115.621999999999,171,458,-0.308700000000002,126,1.05,0.94,0.91,0.96,0.9,2.29,2.34,2.18,1.92,2.01
2015-06-01,18857.418,75.1750000000029,NA,NA,115.621999999999,NA,342,3147,-0.457999999999998,-111,0.94,0.91,0.96,0.9,0.9,2.34,2.18,1.92,2.01,1.96
2015-05-01,NA,NA,NA,115.621999999999,NA,NA,273,1072,-0.561400000000006,230,0.91,0.96,0.9,0.9,0.99,2.18,1.92,2.01,1.96,1.85
2015-04-01,NA,NA,115.621999999999,NA,NA,166.59,96,6445,-0.349699999999999,74,0.96,0.9,0.9,0.99,0.95,1.92,2.01,1.96,1.85,2.18
2015-03-01,18782.243,115.621999999999,NA,NA,166.59,NA,259,-675,-0.655699999999996,-199,0.9,0.9,0.99,0.95,0.87,2.01,1.96,1.85,2.18,2.31
2015-02-01,NA,NA,NA,166.59,NA,NA,204,-2384,-0.822800000000001,12,0.9,0.99,0.95,0.87,0.77,1.96,1.85,2.18,2.31,2.28
2015-01-01,NA,NA,166.59,NA,NA,93.0900000000001,274,-2740,0.0172999999999917,72,0.99,0.95,0.87,0.77,0.69,1.85,2.18,2.31,2.28,2.51
2014-12-01,18666.621,166.59,NA,NA,93.0900000000001,NA,293,1154,0.636700000000005,-73,0.95,0.87,0.77,0.69,0.61,2.18,2.31,2.28,2.51,2.39
2014-11-01,NA,NA,NA,93.0900000000001,NA,NA,234,1636,0.0194000000000045,51,0.87,0.77,0.69,0.61,0.57,2.31,2.28,2.51,2.39,2.51
2014-10-01,NA,NA,93.0900000000001,NA,NA,221.029999999999,294,-1059,0.3095,39,0.77,0.69,0.61,0.57,0.55,2.28,2.51,2.39,2.51,2.56
2014-09-01,18500.031,93.0900000000001,NA,NA,221.029999999999,NA,196,3368,-0.163200000000003,-101,0.69,0.61,0.57,0.55,0.6,2.51,2.39,2.51,2.56,2.53
2014-08-01,NA,NA,NA,221.029999999999,NA,NA,224,712,0.218000000000004,174,0.61,0.57,0.55,0.6,0.66,2.39,2.51,2.56,2.53,2.68
2014-07-01,NA,NA,221.029999999999,NA,NA,231.937000000002,337,1190,0.338200000000001,-96,0.57,0.55,0.6,0.66,0.68,2.51,2.56,2.53,2.68,2.67
2014-06-01,18406.941,221.029999999999,NA,NA,231.937000000002,NA,215,718,0.411900000000003,-36,0.55,0.6,0.66,0.68,0.649999999999999,2.56,2.53,2.68,2.67,2.66
2014-05-01,NA,NA,NA,231.937000000002,NA,NA,312,4398,0.0837999999999965,73,0.6,0.66,0.68,0.649999999999999,0.7,2.53,2.68,2.67,2.66,2.82
2014-04-01,NA,NA,231.937000000002,NA,NA,-62.1730000000025,273,4339,0.996399999999994,26,0.66,0.68,0.649999999999999,0.7,0.76,2.68,2.67,2.66,2.82,2.83
2014-03-01,18185.911,231.937000000002,NA,NA,-62.1730000000025,NA,151,5778,0.757199999999997,56,0.68,0.649999999999999,0.7,0.76,0.75,2.67,2.66,2.82,2.83,2.65
2014-02-01,NA,NA,NA,-62.1730000000025,NA,NA,188,-3779,-0.384099999999989,-114,0.649999999999999,0.7,0.76,0.75,0.779999999999999,2.66,2.82,2.83,2.65,2.57
2014-01-01,NA,NA,-62.1730000000025,NA,NA,155.697,57,2281,0.215800000000002,-98,0.7,0.76,0.75,0.779999999999999,0.83,2.82,2.83,2.65,2.57,2.79
2013-12-01,17953.974,-62.1730000000025,NA,NA,155.697,NA,275,1266,0.254499999999993,175,0.76,0.75,0.779999999999999,0.83,0.88,2.83,2.65,2.57,2.79,2.7
2013-11-01,NA,NA,NA,155.697,NA,NA,220,1593,-0.1173,75,0.75,0.779999999999999,0.83,0.88,0.98,2.65,2.57,2.79,2.7,2.54
2013-10-01,NA,NA,155.697,NA,NA,150.779000000002,175,277,0.531300000000002,-67,0.779999999999999,0.83,0.88,0.98,0.920000000000001,2.57,2.79,2.7,2.54,2.25
2013-09-01,18016.147,155.697,NA,NA,150.779000000002,NA,255,-733,0.590999999999994,37,0.83,0.88,0.98,0.920000000000001,0.84,2.79,2.7,2.54,2.25,1.89
2013-08-01,NA,NA,NA,150.779000000002,NA,NA,112,2668,-0.323399999999992,41,0.88,0.98,0.920000000000001,0.84,0.86,2.7,2.54,2.25,1.89,1.7
2013-07-01,NA,NA,150.779000000002,NA,NA,47.270999999997,184,1117,0.183799999999991,-91,0.98,0.920000000000001,0.84,0.86,0.919999999999999,2.54,2.25,1.89,1.7,1.87
2013-06-01,17860.45,150.779000000002,NA,NA,47.270999999997,NA,222,2555,0.0938000000000017,95,0.920000000000001,0.84,0.86,0.919999999999999,0.95,2.25,1.89,1.7,1.87,1.88
2013-05-01,NA,NA,NA,47.270999999997,NA,NA,184,-2254,-0.102499999999992,-175,0.84,0.86,0.919999999999999,0.95,0.930000000000001,1.89,1.7,1.87,1.88,1.84
2013-04-01,NA,NA,47.270999999997,NA,NA,172.548000000003,144,-2989,0.403599999999997,48,0.86,0.919999999999999,0.95,0.930000000000001,0.98,1.7,1.87,1.88,1.84,1.65
2013-03-01,17709.671,47.270999999997,NA,NA,172.548000000003,NA,288,4898,0.469800000000006,74,0.919999999999999,0.95,0.930000000000001,0.98,1.01,1.87,1.88,1.84,1.65,1.56
2013-02-01,NA,NA,NA,172.548000000003,NA,NA,183,3450,-0.0148000000000081,-88,0.95,0.930000000000001,0.98,1.01,1.11,1.88,1.84,1.65,1.56,1.65
2013-01-01,NA,NA,172.548000000003,NA,NA,20.2019999999975,249,1357,0.280000000000001,143,0.930000000000001,0.98,1.01,1.11,1.35,1.84,1.65,1.56,1.65,1.61
2012-12-01,17662.4,172.548000000003,NA,NA,20.2019999999975,NA,157,1871,0.377300000000005,-82,0.98,1.01,1.11,1.35,1.43,1.65,1.56,1.65,1.61,1.58
2012-11-01,NA,NA,NA,20.2019999999975,NA,NA,151,80,0.309399999999997,68,1.01,1.11,1.35,1.43,1.47,1.56,1.65,1.61,1.58,1.43
2012-10-01,NA,NA,20.2019999999975,NA,NA,25.125,179,3146,-0.0516999999999967,93,1.11,1.35,1.43,1.47,1.38,1.65,1.61,1.58,1.43,1.53
2012-09-01,17489.852,20.2019999999975,NA,NA,25.125,NA,181,4804,-0.39800000000001,14,1.35,1.43,1.47,1.38,1.27,1.61,1.58,1.43,1.53,1.71
2012-08-01,NA,NA,NA,25.125,NA,NA,145,1812,0.194600000000008,-17,1.43,1.47,1.38,1.27,1.23,1.58,1.43,1.53,1.71,1.97
2012-07-01,NA,NA,25.125,NA,NA,77.5150000000031,79,-3585,0.0172999999999917,49,1.47,1.38,1.27,1.23,1.24,1.43,1.53,1.71,1.97,2.09
2012-06-01,17469.65,25.125,NA,NA,77.5150000000031,NA,108,-792,0.208500000000001,-45,1.38,1.27,1.23,1.24,1.29,1.53,1.71,1.97,2.09,1.88
2012-05-01,NA,NA,NA,77.5150000000031,NA,NA,77,-1597,0.690100000000001,58,1.27,1.23,1.24,1.29,1.38,1.71,1.97,2.09,1.88,1.94
2012-04-01,NA,NA,77.5150000000031,NA,NA,144.427,240,1269,-0.505299999999991,-9,1.23,1.24,1.29,1.38,1.32,1.97,2.09,1.88,1.94,1.97
2012-03-01,17444.525,77.5150000000031,NA,NA,144.427,NA,263,4831,0.306699999999992,-19,1.24,1.29,1.38,1.32,1.27,2.09,1.88,1.94,1.97,2
2012-02-01,NA,NA,NA,144.427,NA,NA,357,3959,0.578600000000009,29,1.29,1.38,1.32,1.27,1.39,1.88,1.94,1.97,2,2.13
2012-01-01,NA,NA,144.427,NA,NA,191.27,198,236,0.503099999999989,-17,1.38,1.32,1.27,1.39,1.18,1.94,1.97,2,2.13,1.97
2011-12-01,17367.01,144.427,NA,NA,191.27,NA,137,1421,-0.0112999999999914,101,1.32,1.27,1.39,1.18,0.99,1.97,2,2.13,1.97,2.28
2011-11-01,NA,NA,NA,191.27,NA,NA,209,2286,0.664699999999996,-40,1.27,1.39,1.18,0.99,0.83,2,2.13,1.97,2.28,2.96
2011-10-01,NA,NA,191.27,NA,NA,-3.80100000000311,219,3876,-0.0729999999999933,65,1.39,1.18,0.99,0.83,0.76,2.13,1.97,2.28,2.96,2.96
2011-09-01,17222.583,191.27,NA,NA,-3.80100000000311,NA,132,854,0.601599999999991,-38,1.18,0.99,0.83,0.76,0.82,1.97,2.28,2.96,2.96,3.13
2011-08-01,NA,NA,NA,-3.80100000000311,NA,NA,62,-305,0.4465,15,0.99,0.83,0.76,0.82,0.859999999999999,2.28,2.96,2.96,3.13,3.4
2011-07-01,NA,NA,-3.80100000000311,NA,NA,114.482,227,3118,0.277000000000001,47,0.83,0.76,0.82,0.859999999999999,0.9,2.96,2.96,3.13,3.4,3.31
2011-06-01,17031.313,-3.80100000000311,NA,NA,114.482,NA,107,-311,0.115200000000002,7,0.76,0.82,0.859999999999999,0.9,0.930000000000001,2.96,3.13,3.4,3.31,3.45
2011-05-01,NA,NA,NA,114.482,NA,NA,315,1829,-0.311300000000003,-46,0.82,0.859999999999999,0.9,0.930000000000001,1.05,3.13,3.4,3.31,3.45,3.24
2011-04-01,NA,NA,114.482,NA,NA,-40.232,226,3489,0.96390000000001,83,0.859999999999999,0.9,0.930000000000001,1.05,1.08,3.4,3.31,3.45,3.24,3.15
2011-03-01,17035.114,114.482,NA,NA,-40.232,NA,219,3176,-0.384400000000014,-113,0.9,0.930000000000001,1.05,1.08,1.05,3.31,3.45,3.24,3.15,2.62
2011-02-01,NA,NA,NA,-40.232,NA,NA,7,2702,-0.202699999999993,91,0.930000000000001,1.05,1.08,1.05,1.04,3.45,3.24,3.15,2.62,2.41
2011-01-01,NA,NA,-40.232,NA,NA,88.5980000000018,81,2088,0.923000000000002,-6,1.05,1.08,1.05,1.04,1.13,3.24,3.15,2.62,2.41,2.5
2010-12-01,16920.632,-40.232,NA,NA,88.5980000000018,NA,128,3582,0.0652999999999935,2,1.08,1.05,1.04,1.13,1.17,3.15,2.62,2.41,2.5,2.54
2010-11-01,NA,NA,NA,88.5980000000018,NA,NA,279,4110,-0.25,-51,1.05,1.04,1.13,1.17,1.29,2.62,2.41,2.5,2.54,2.85
2010-10-01,NA,NA,88.5980000000018,NA,NA,129.103999999999,-74,2911,0.259700000000009,-5,1.04,1.13,1.17,1.29,1.35,2.41,2.5,2.54,2.85,3.08
2010-09-01,16960.864,88.5980000000018,NA,NA,129.103999999999,NA,1,1731,0.338699999999989,53,1.13,1.17,1.29,1.35,1.09,2.5,2.54,2.85,3.08,3.26
2010-08-01,NA,NA,NA,129.103999999999,NA,NA,-94,1070,0.351600000000005,10,1.17,1.29,1.35,1.09,0.96,2.54,2.85,3.08,3.26,3.69
2010-07-01,NA,NA,129.103999999999,NA,NA,160.452000000001,-134,-421,0.201899999999995,-47,1.29,1.35,1.09,0.96,1,2.85,3.08,3.26,3.69,3.58
2010-06-01,16872.266,129.103999999999,NA,NA,160.452000000001,NA,523,-3286,1.2407,-104,1.35,1.09,0.96,1,0.99,3.08,3.26,3.69,3.58,3.58
2010-05-01,NA,NA,NA,160.452000000001,NA,NA,255,3235,0.325100000000006,51,1.09,0.96,1,0.99,0.99,3.26,3.69,3.58,3.58,3.67
2010-04-01,NA,NA,160.452000000001,NA,NA,79.9559999999983,160,7395,0.631,32,0.96,1,0.99,0.99,1.11,3.69,3.58,3.58,3.67,3.54
2010-03-01,16743.162,160.452000000001,NA,NA,79.9559999999983,NA,-97,835,0.314899999999994,-10,1,0.99,0.99,1.11,1.13,3.58,3.58,3.67,3.54,3.35
2010-02-01,NA,NA,NA,79.9559999999983,NA,NA,-6,-183,0.949300000000008,33,0.99,0.99,1.11,1.13,1.14,3.58,3.67,3.54,3.35,3.32
2010-01-01,NA,NA,79.9559999999983,NA,NA,176.473,-250,1697,0.301599999999993,-7,0.99,1.11,1.13,1.14,1.18,3.67,3.54,3.35,3.32,3.28
2009-12-01,16582.71,79.9559999999983,NA,NA,176.473,NA,-4,2721,0.357900000000001,54,1.11,1.13,1.14,1.18,1.32,3.54,3.35,3.32,3.28,3.42
2009-11-01,NA,NA,NA,176.473,NA,NA,-185,3147,0.198800000000006,-51,1.13,1.14,1.18,1.32,1.68,3.35,3.32,3.28,3.42,3.38
2009-10-01,NA,NA,176.473,NA,NA,57.1360000000004,-225,-8161,0.742799999999988,-1,1.14,1.18,1.32,1.68,1.89,3.32,3.28,3.42,3.38,3.54
2009-09-01,16502.754,176.473,NA,NA,57.1360000000004,NA,-190,6151,0.954000000000008,-8,1.18,1.32,1.68,1.89,2.52,3.28,3.42,3.38,3.54,3.11
2009-08-01,NA,NA,NA,57.1360000000004,NA,NA,-345,634,1.0107,9,1.32,1.68,1.89,2.52,3,3.42,3.38,3.54,3.11,2.77
2009-07-01,NA,NA,57.1360000000004,NA,NA,-29.1170000000002,-461,5627,-0.269000000000005,45,1.68,1.89,2.52,3,2.92,3.38,3.54,3.11,2.77,2.6
2009-06-01,16326.281,57.1360000000004,NA,NA,-29.1170000000002,NA,-353,2904,-0.846699999999998,62,1.89,2.52,3,2.92,2.81,3.54,3.11,2.77,2.6,2.57
2009-05-01,NA,NA,NA,-29.1170000000002,NA,NA,-671,1605,-0.678600000000003,-27,2.52,3,2.92,2.81,3.09,3.11,2.77,2.6,2.57,2.39
2009-04-01,NA,NA,-29.1170000000002,NA,NA,-187.087999999998,-825,-5829,-1.3741,-77,3,2.92,2.81,3.09,3.38,2.77,2.6,2.57,2.39,2.39
2009-03-01,16269.145,-29.1170000000002,NA,NA,-187.087999999998,NA,-761,-1353,-0.528199999999998,92,2.92,2.81,3.09,3.38,3.09,2.6,2.57,2.39,2.39,3.34
2009-02-01,NA,NA,NA,-187.087999999998,NA,NA,-769,4838,-2.25539999999999,-70,2.81,3.09,3.38,3.09,2.6,2.57,2.39,2.39,3.34,3.12
2009-01-01,NA,NA,-187.087999999998,NA,NA,-368.945,-696,-7259,-2.63510000000001,-92,3.09,3.38,3.09,2.6,1.66,2.39,2.39,3.34,3.12,2.54
2008-12-01,16298.262,-187.087999999998,NA,NA,-368.945,NA,-750,-13600,-1.2368,-125,3.38,3.09,2.6,1.66,1.51,2.39,3.34,3.12,2.54,2.14
2008-11-01,NA,NA,NA,-368.945,NA,NA,-469,-13779,0.940900000000013,-43,3.09,2.6,1.66,1.51,1.49,3.34,3.12,2.54,2.14,2.35
2008-10-01,NA,NA,-368.945,NA,NA,-88.9960000000028,-449,-5555,-4.29150000000001,-24,2.6,1.66,1.51,1.49,1.39,3.12,2.54,2.14,2.35,2.21
2008-09-01,16485.35,-368.945,NA,NA,-88.9960000000028,NA,-287,-2754,-1.57029999999999,-79,1.66,1.51,1.49,1.39,1.36,2.54,2.14,2.35,2.21,2.12
2008-08-01,NA,NA,NA,-88.9960000000028,NA,NA,-200,-1417,-0.453400000000002,-123,1.51,1.49,1.39,1.36,1.42,2.14,2.35,2.21,2.12,2.37
2008-07-01,NA,NA,-88.9960000000028,NA,NA,100.288,-153,419,-0.260800000000003,73,1.49,1.39,1.36,1.42,1.38,2.35,2.21,2.12,2.37,2.23
2008-06-01,16854.295,-88.9960000000028,NA,NA,100.288,NA,-187,3464,-0.621799999999993,-40,1.39,1.36,1.42,1.38,1.29,2.21,2.12,2.37,2.23,1.57
2008-05-01,NA,NA,NA,100.288,NA,NA,-219,-173,-0.695400000000006,8,1.36,1.42,1.38,1.29,1.21,2.12,2.37,2.23,1.57,0.92
2008-04-01,NA,NA,100.288,NA,NA,-72.1879999999983,-70,912,-0.324799999999996,-98,1.42,1.38,1.29,1.21,1.16,2.37,2.23,1.57,0.92,1.03
2008-03-01,16943.291,100.288,NA,NA,-72.1879999999983,NA,-64,-3403,-0.373699999999999,19,1.38,1.29,1.21,1.16,0.96,2.23,1.57,0.92,1.03,0.8
2008-02-01,NA,NA,NA,-72.1879999999983,NA,NA,-4,938,-0.127099999999999,47,1.29,1.21,1.16,0.96,0.82,1.57,0.92,1.03,0.8,0.53
2008-01-01,NA,NA,-72.1879999999983,NA,NA,105.603999999999,104,-4562,0.0596999999999923,-160,1.21,1.16,0.96,0.82,0.85,0.92,1.03,0.8,0.53,0.53
2007-12-01,16843.003,-72.1879999999983,NA,NA,105.603999999999,NA,114,3571,0.572100000000006,-67,1.16,0.96,0.82,0.85,0.86,1.03,0.8,0.53,0.53,0.35
2007-11-01,NA,NA,NA,105.603999999999,NA,NA,76,2420,-0.298200000000008,81,0.96,0.82,0.85,0.86,0.92,0.8,0.53,0.53,0.35,0.04
2007-10-01,NA,NA,105.603999999999,NA,NA,96.273000000001,88,1511,0.248500000000007,-147,0.82,0.85,0.86,0.92,0.91,0.53,0.53,0.35,0.04,0.36
2007-09-01,16915.191,105.603999999999,NA,NA,96.273000000001,NA,-31,1744,0.198999999999998,-24,0.85,0.86,0.92,0.91,0.92,0.53,0.35,0.04,0.36,-0.12
2007-08-01,NA,NA,NA,96.273000000001,NA,NA,-25,1460,-0.159400000000005,-94,0.86,0.92,0.91,0.92,0.92,0.35,0.04,0.36,-0.12,-0.32
2007-07-01,NA,NA,96.273000000001,NA,NA,101.624,76,-2780,0.0277999999999992,33,0.92,0.91,0.92,0.92,0.97,0.04,0.36,-0.12,-0.32,-0.52
2007-06-01,16809.587,96.273000000001,NA,NA,101.624,NA,148,4747,0.0546000000000078,-75,0.91,0.92,0.92,0.97,0.890000000000001,0.36,-0.12,-0.32,-0.52,-0.44
2007-05-01,NA,NA,NA,101.624,NA,NA,63,-971,0.677099999999996,-5,0.92,0.92,0.97,0.890000000000001,0.94,-0.12,-0.32,-0.52,-0.44,-0.35
2007-04-01,NA,NA,101.624,NA,NA,49.8239999999969,224,3152,0.178600000000003,15,0.92,0.97,0.890000000000001,0.94,0.899999999999999,-0.32,-0.52,-0.44,-0.35,-0.41
2007-03-01,16713.314,101.624,NA,NA,49.8239999999969,NA,86,390,0.962000000000003,71,0.97,0.890000000000001,0.94,0.899999999999999,0.87,-0.52,-0.44,-0.35,-0.41,-0.47
2007-02-01,NA,NA,NA,49.8239999999969,NA,NA,223,-114,-0.357900000000001,-240,0.890000000000001,0.94,0.899999999999999,0.87,0.91,-0.44,-0.35,-0.41,-0.47,-0.32
2007-01-01,NA,NA,49.8239999999969,NA,NA,141.128000000001,188,4464,1.0162,79,0.94,0.899999999999999,0.87,0.91,0.92,-0.35,-0.41,-0.47,-0.32,-0.21
2006-12-01,16611.69,49.8239999999969,NA,NA,141.128000000001,NA,215,804,-0.026600000000002,79,0.899999999999999,0.87,0.91,0.92,0.91,-0.41,-0.47,-0.32,-0.21,-0.21
2006-11-01,NA,NA,NA,141.128000000001,NA,NA,17,-499,-0.101699999999994,-229,0.87,0.91,0.92,0.91,0.91,-0.47,-0.32,-0.21,-0.21,0.01
2006-10-01,NA,NA,141.128000000001,NA,NA,24.5869999999995,136,-1730,-0.18010000000001,70,0.91,0.92,0.91,0.91,0.890000000000001,-0.32,-0.21,-0.21,0.01,0.19
2006-09-01,16561.866,141.128000000001,NA,NA,24.5869999999995,NA,164,1685,0.429600000000008,-87,0.92,0.91,0.91,0.890000000000001,0.8,-0.21,-0.21,0.01,0.19,0.27
2006-08-01,NA,NA,NA,24.5869999999995,NA,NA,194,1127,-0.064700000000002,-65,0.91,0.91,0.890000000000001,0.8,0.84,-0.21,0.01,0.19,0.27,0.27
2006-07-01,NA,NA,24.5869999999995,NA,NA,42.3160000000025,86,1175,0.332399999999993,-140,0.91,0.890000000000001,0.8,0.84,0.88,0.01,0.19,0.27,0.27,0.09
2006-06-01,16420.738,24.5869999999995,NA,NA,42.3160000000025,NA,41,-719,0.0248000000000133,121,0.890000000000001,0.8,0.84,0.88,0.92,0.19,0.27,0.27,0.09,0.03
2006-05-01,NA,NA,NA,42.3160000000025,NA,NA,172,1758,0.291299999999993,-148,0.8,0.84,0.88,0.92,0.95,0.27,0.27,0.09,0.03,0.08
2006-04-01,NA,NA,42.3160000000025,NA,NA,217.100999999999,305,959,0.2226,-150,0.84,0.88,0.92,0.95,0.95,0.27,0.09,0.03,0.08,0.5
2006-03-01,16396.151,42.3160000000025,NA,NA,217.100999999999,NA,305,-2625,0.0417000000000058,-154,0.88,0.92,0.95,0.95,0.97,0.09,0.03,0.08,0.5,0.57
2006-02-01,NA,NA,NA,217.100999999999,NA,NA,268,9926,0.154699999999991,279,0.92,0.95,0.95,0.97,0.95,0.03,0.08,0.5,0.57,0.67
2006-01-01,NA,NA,217.100999999999,NA,NA,89.1470000000008,159,80,0.470700000000008,-153,0.95,0.95,0.97,0.95,0.9,0.08,0.5,0.57,0.67,0.71
2005-12-01,16353.835,217.100999999999,NA,NA,89.1470000000008,NA,356,3228,1.06049999999999,82,0.95,0.97,0.95,0.9,0.87,0.5,0.57,0.67,0.71,0.74
2005-11-01,NA,NA,NA,89.1470000000008,NA,NA,89,141,1.16470000000001,-86,0.97,0.95,0.9,0.87,0.890000000000001,0.57,0.67,0.71,0.74,0.89
2005-10-01,NA,NA,89.1470000000008,NA,NA,124.805,51,649,-1.88200000000001,56,0.95,0.9,0.87,0.890000000000001,0.9,0.67,0.71,0.74,0.89,0.96
2005-09-01,16136.734,89.1470000000008,NA,NA,124.805,NA,203,-3269,0.318700000000007,41,0.9,0.87,0.890000000000001,0.9,0.859999999999999,0.71,0.74,0.89,0.96,1.24
2005-08-01,NA,NA,NA,124.805,NA,NA,353,2578,-0.308600000000013,-14,0.87,0.890000000000001,0.9,0.859999999999999,0.72,0.74,0.89,0.96,1.24,1.5
2005-07-01,NA,NA,124.805,NA,NA,78.0549999999985,258,9476,0.423200000000008,43,0.890000000000001,0.9,0.859999999999999,0.72,0.659999999999999,0.89,0.96,1.24,1.5,1.7
2005-06-01,16047.587,124.805,NA,NA,78.0549999999985,NA,170,-2061,0.0904000000000025,-36,0.9,0.859999999999999,0.72,0.659999999999999,0.62,0.96,1.24,1.5,1.7,1.59
2005-05-01,NA,NA,NA,78.0549999999985,NA,NA,367,3002,0.200199999999995,197,0.859999999999999,0.72,0.659999999999999,0.62,0.659999999999999,1.24,1.5,1.7,1.59,1.85
2005-04-01,NA,NA,78.0549999999985,NA,NA,173.847000000002,119,555,-0.136399999999995,-343,0.72,0.659999999999999,0.62,0.659999999999999,0.680000000000001,1.5,1.7,1.59,1.85,2.01
2005-03-01,15922.782,78.0549999999985,NA,NA,173.847000000002,NA,252,4330,0.692399999999992,63,0.659999999999999,0.62,0.659999999999999,0.680000000000001,0.680000000000001,1.7,1.59,1.85,2.01,2.08
2005-02-01,NA,NA,NA,173.847000000002,NA,NA,152,-3178,0.337000000000003,102,0.62,0.659999999999999,0.680000000000001,0.680000000000001,0.74,1.59,1.85,2.01,2.08,2.31
2005-01-01,NA,NA,173.847000000002,NA,NA,158.260999999999,125,4038,0.739999999999995,260,0.659999999999999,0.680000000000001,0.680000000000001,0.74,0.81,1.85,2.01,2.08,2.31,2.45
2004-12-01,15844.727,173.847000000002,NA,NA,158.260999999999,NA,73,1096,0.231999999999999,-290,0.680000000000001,0.680000000000001,0.74,0.81,0.81,2.01,2.08,2.31,2.45,2.78
2004-11-01,NA,NA,NA,158.260999999999,NA,NA,340,2171,0.83420000000001,167,0.680000000000001,0.74,0.81,0.81,0.8,2.08,2.31,2.45,2.78,3.14
2004-10-01,NA,NA,158.260999999999,NA,NA,145.769,151,5592,0.105199999999996,-119,0.74,0.81,0.81,0.8,0.77,2.31,2.45,2.78,3.14,3.44
2004-09-01,15670.88,158.260999999999,NA,NA,145.769,NA,87,428,0.079899999999995,22,0.81,0.81,0.8,0.77,0.71,2.45,2.78,3.14,3.44,3.68
2004-08-01,NA,NA,NA,145.769,NA,NA,59,3591,0.685100000000006,174,0.81,0.8,0.77,0.71,0.73,2.78,3.14,3.44,3.68,3.39
2004-07-01,NA,NA,145.769,NA,NA,118.17,97,-4006,-0.719400000000007,-153,0.8,0.77,0.71,0.73,0.78,3.14,3.44,3.68,3.39,2.88
2004-06-01,15512.619,145.769,NA,NA,118.17,NA,285,5452,0.688800000000001,-22,0.77,0.71,0.73,0.78,0.77,3.44,3.68,3.39,2.88,3.14
2004-05-01,NA,NA,NA,118.17,NA,NA,273,-3400,0.358900000000006,5,0.71,0.73,0.78,0.77,0.9,3.68,3.39,2.88,3.14,3.25
2004-04-01,NA,NA,118.17,NA,NA,85.9200000000001,319,5519,-0.362700000000004,152,0.73,0.78,0.77,0.9,0.98,3.39,2.88,3.14,3.25,3.36
2004-03-01,15366.85,118.17,NA,NA,85.9200000000001,NA,64,2139,0.572699999999998,-65,0.78,0.77,0.9,0.98,1.01,2.88,3.14,3.25,3.36,3.35
2004-02-01,NA,NA,NA,85.9200000000001,NA,NA,167,1847,0.153600000000012,-146,0.77,0.9,0.98,1.01,1.03,3.14,3.25,3.36,3.35,3.35
2004-01-01,NA,NA,85.9200000000001,NA,NA,173.978000000001,108,-1120,0.0467000000000013,-26,0.9,0.98,1.01,1.03,1.07,3.25,3.36,3.35,3.35,3.31
2003-12-01,15248.68,85.9200000000001,NA,NA,173.978000000001,NA,41,3718,0.621599999999987,116,0.98,1.01,1.03,1.07,1.13,3.36,3.35,3.35,3.31,3.48
2003-11-01,NA,NA,NA,173.978000000001,NA,NA,187,-1124,0.123000000000005,28,1.01,1.03,1.07,1.13,1.13,3.35,3.35,3.31,3.48,3.06
2003-10-01,NA,NA,173.978000000001,NA,NA,245.215,100,-1876,0.5886,106,1.03,1.07,1.13,1.13,1.22,3.35,3.31,3.48,3.06,2.39
2003-09-01,15162.76,173.978000000001,NA,NA,245.215,NA,-31,5062,-0.193600000000004,-64,1.07,1.13,1.13,1.22,1.16,3.31,3.48,3.06,2.39,2.48
2003-08-01,NA,NA,NA,245.215,NA,NA,-1,3121,0.467300000000009,30,1.13,1.13,1.22,1.16,1.11,3.48,3.06,2.39,2.48,2.81
2003-07-01,NA,NA,245.215,NA,NA,129.425999999999,-11,3216,0.119599999999991,116,1.13,1.22,1.16,1.11,1.06,3.06,2.39,2.48,2.81,2.66
2003-06-01,14988.782,245.215,NA,NA,129.425999999999,NA,24,810,-0.031099999999995,108,1.22,1.16,1.11,1.06,1.11,2.39,2.48,2.81,2.66,2.71
2003-05-01,NA,NA,NA,129.425999999999,NA,NA,-63,-725,-0.569500000000005,-83,1.16,1.11,1.06,1.11,1.18,2.48,2.81,2.66,2.71,2.86
2003-04-01,NA,NA,129.425999999999,NA,NA,76.5609999999997,-206,5158,-0.249899999999997,97,1.11,1.06,1.11,1.18,1.24,2.81,2.66,2.71,2.86,2.82
2003-03-01,14743.567,129.425999999999,NA,NA,76.5609999999997,NA,-132,-4081,0.113600000000005,-224,1.06,1.11,1.18,1.24,1.31,2.66,2.71,2.86,2.82,2.8
2003-02-01,NA,NA,NA,76.5609999999997,NA,NA,108,1301,0.746299999999991,65,1.11,1.18,1.24,1.31,1.41,2.71,2.86,2.82,2.8,2.33
2003-01-01,NA,NA,76.5609999999997,NA,NA,17.9470000000001,-151,2463,-0.504099999999994,35,1.18,1.24,1.31,1.41,1.25,2.86,2.82,2.8,2.33,2.21
2002-12-01,14614.141,76.5609999999997,NA,NA,17.9470000000001,NA,-1,1908,0.495900000000006,105,1.24,1.31,1.41,1.25,1.21,2.82,2.8,2.33,2.21,2.61
2002-11-01,NA,NA,NA,17.9470000000001,NA,NA,114,1166,-0.238500000000002,-156,1.31,1.41,1.25,1.21,1.37,2.8,2.33,2.21,2.61,2.94
2002-10-01,NA,NA,17.9470000000001,NA,NA,58.7849999999999,-79,-4240,0.0867999999999967,171,1.41,1.25,1.21,1.37,1.32,2.33,2.21,2.61,2.94,3.2
2002-09-01,14537.58,17.9470000000001,NA,NA,58.7849999999999,NA,-1,2265,-0.0931000000000068,-22,1.25,1.21,1.37,1.32,1.34,2.21,2.61,2.94,3.2,3.4
2002-08-01,NA,NA,NA,58.7849999999999,NA,NA,-90,3013,-0.0299999999999869,-62,1.21,1.37,1.32,1.34,1.27,2.61,2.94,3.2,3.4,3.46
2002-07-01,NA,NA,58.7849999999999,NA,NA,88.0630000000001,41,2421,0.738799999999998,-47,1.37,1.32,1.34,1.27,1.3,2.94,3.2,3.4,3.46,3.45
2002-06-01,14519.633,58.7849999999999,NA,NA,88.0630000000001,NA,17,-3882,0.384099999999989,172,1.32,1.34,1.27,1.3,1.38,3.2,3.4,3.46,3.45,3.15
2002-05-01,NA,NA,NA,88.0630000000001,NA,NA,-107,4571,0.424200000000013,-50,1.34,1.27,1.3,1.38,1.32,3.4,3.46,3.45,3.15,3.36
2002-04-01,NA,NA,88.0630000000001,NA,NA,119.210999999999,-14,-792,0.668699999999987,-187,1.27,1.3,1.38,1.32,1.28,3.46,3.45,3.15,3.36,3.37
2002-03-01,14460.848,88.0630000000001,NA,NA,119.210999999999,NA,-123,1546,-0.00559999999998695,131,1.3,1.38,1.32,1.28,0.84,3.45,3.15,3.36,3.37,2.74
2002-02-01,NA,NA,NA,119.210999999999,NA,NA,-124,-197,0.611599999999996,130,1.38,1.32,1.28,0.84,0.88,3.15,3.36,3.37,2.74,2.37
2002-01-01,NA,NA,119.210999999999,NA,NA,39.0580000000009,-161,-3406,-0.0341999999999985,-34,1.32,1.28,0.84,0.88,0.859999999999999,3.36,3.37,2.74,2.37,2.04
2001-12-01,14372.785,119.210999999999,NA,NA,39.0580000000009,NA,-308,-7429,-0.519100000000009,62,1.28,0.84,0.88,0.859999999999999,0.83,3.37,2.74,2.37,2.04,1.53
2001-11-01,NA,NA,NA,39.0580000000009,NA,NA,-311,18456,-0.269799999999989,-22,0.84,0.88,0.859999999999999,0.83,0.84,2.74,2.37,2.04,1.53,1.65
2001-10-01,NA,NA,39.0580000000009,NA,NA,-57.1779999999999,-258,-5329,-0.482100000000003,-5,0.88,0.859999999999999,0.83,0.84,0.79,2.37,2.04,1.53,1.65,1.71
2001-09-01,14253.574,39.0580000000009,NA,NA,-57.1779999999999,NA,-150,1909,-0.0782000000000096,-103,0.859999999999999,0.83,0.84,0.79,0.78,2.04,1.53,1.65,1.71,1.69
2001-08-01,NA,NA,NA,-57.1779999999999,NA,NA,-128,-897,-0.545899999999989,34,0.83,0.84,0.79,0.78,0.87,1.53,1.65,1.71,1.69,1.17
2001-07-01,NA,NA,-57.1779999999999,NA,NA,88.5739999999987,-110,-1095,-0.479600000000005,31,0.84,0.79,0.78,0.87,0.859999999999999,1.65,1.71,1.69,1.17,0.35
2001-06-01,14214.516,-57.1779999999999,NA,NA,88.5739999999987,NA,-48,688,-0.477699999999999,-44,0.79,0.78,0.87,0.859999999999999,0.77,1.71,1.69,1.17,0.35,0.09
2001-05-01,NA,NA,NA,88.5739999999987,NA,NA,-294,4358,-0.320099999999996,59,0.78,0.87,0.859999999999999,0.77,0.779999999999999,1.69,1.17,0.35,0.09,-0.13
2001-04-01,NA,NA,88.5739999999987,NA,NA,-46.6449999999986,-37,-2323,-0.226600000000005,-35,0.87,0.859999999999999,0.77,0.779999999999999,0.81,1.17,0.35,0.09,-0.13,-0.7
2001-03-01,14271.694,88.5739999999987,NA,NA,-46.6449999999986,NA,85,-61,-0.605699999999999,25,0.859999999999999,0.77,0.779999999999999,0.81,0.829999999999999,0.35,0.09,-0.13,-0.7,-0.64
2001-02-01,NA,NA,NA,-46.6449999999986,NA,NA,-13,3043,-0.454899999999995,68,0.77,0.779999999999999,0.81,0.829999999999999,0.79,0.09,-0.13,-0.7,-0.64,-0.55
2001-01-01,NA,NA,-46.6449999999986,NA,NA,84.4529999999995,160,-238,-0.314700000000002,-19,0.779999999999999,0.81,0.829999999999999,0.79,0.73,-0.13,-0.7,-0.64,-0.55,-0.38
2000-12-01,14183.12,-46.6449999999986,NA,NA,84.4529999999995,NA,204,-898,0.0203999999999951,2,0.81,0.829999999999999,0.79,0.73,0.71,-0.7,-0.64,-0.55,-0.38,-0.45
2000-11-01,NA,NA,NA,84.4529999999995,NA,NA,14,-621,-0.342699999999994,42,0.829999999999999,0.79,0.73,0.71,0.699999999999999,-0.64,-0.55,-0.38,-0.45,-0.09
2000-10-01,NA,NA,84.4529999999995,NA,NA,14.4040000000005,104,4630,0.3917,-34,0.79,0.73,0.71,0.699999999999999,0.81,-0.55,-0.38,-0.45,-0.09,0.24
2000-09-01,14229.765,84.4529999999995,NA,NA,14.4040000000005,NA,6,288,-0.246300000000005,78,0.73,0.71,0.699999999999999,0.81,0.91,-0.38,-0.45,-0.09,0.24,0.45
2000-08-01,NA,NA,NA,14.4040000000005,NA,NA,166,-792,-0.164500000000004,-96,0.71,0.699999999999999,0.81,0.91,0.760000000000001,-0.45,-0.09,0.24,0.45,0.17
2000-07-01,NA,NA,14.4040000000005,NA,NA,252.760999999999,-43,2028,0.0670999999999964,-16,0.699999999999999,0.81,0.91,0.760000000000001,0.69,-0.09,0.24,0.45,0.17,0.4
2000-06-01,14145.312,14.4040000000005,NA,NA,252.760999999999,NA,222,348,0.268800000000013,-51,0.81,0.91,0.760000000000001,0.69,0.609999999999999,0.24,0.45,0.17,0.4,0.79
2000-05-01,NA,NA,NA,252.760999999999,NA,NA,279,-4146,0.582899999999995,22,0.91,0.760000000000001,0.69,0.609999999999999,0.55,0.45,0.17,0.4,0.79,1.16
2000-04-01,NA,NA,252.760999999999,NA,NA,50.1670000000013,483,3172,0.358499999999992,-133,0.760000000000001,0.69,0.609999999999999,0.55,0.64,0.17,0.4,0.79,1.16,0.92
2000-03-01,14130.908,252.760999999999,NA,NA,50.1670000000013,NA,110,3976,0.315300000000008,101,0.69,0.609999999999999,0.55,0.64,0.79,0.4,0.79,1.16,0.92,0.8
2000-02-01,NA,NA,NA,50.1670000000013,NA,NA,228,-1819,-0.069199999999995,-72,0.609999999999999,0.55,0.64,0.79,0.830000000000001,0.79,1.16,0.92,0.8,1.09
2000-01-01,NA,NA,50.1670000000013,NA,NA,223.208999999999,316,4898,0.7256,60,0.55,0.64,0.79,0.830000000000001,0.81,1.16,0.92,0.8,1.09,1.1
1999-12-01,13878.147,50.1670000000013,NA,NA,223.208999999999,NA,289,3147,0.481899999999996,40,0.64,0.79,0.830000000000001,0.81,0.75,0.92,0.8,1.09,1.1,1.07
1999-11-01,NA,NA,NA,223.208999999999,NA,NA,406,501,1.1405,-27,0.79,0.830000000000001,0.81,0.75,0.76,0.8,1.09,1.1,1.07,1.1
1999-10-01,NA,NA,223.208999999999,NA,NA,178.023000000001,200,1087,-0.3703,-13,0.830000000000001,0.81,0.75,0.76,0.789999999999999,1.09,1.1,1.07,1.1,1.18
1999-09-01,13827.98,223.208999999999,NA,NA,178.023000000001,NA,151,2774,0.390899999999988,-21,0.81,0.75,0.76,0.789999999999999,0.79,1.1,1.07,1.1,1.18,0.91
1999-08-01,NA,NA,NA,178.023000000001,NA,NA,337,2007,0.519500000000008,110,0.75,0.76,0.789999999999999,0.79,0.840000000000001,1.07,1.1,1.18,0.91,0.77
1999-07-01,NA,NA,178.023000000001,NA,NA,111.151,271,714,-0.0580000000000069,-52,0.76,0.789999999999999,0.79,0.840000000000001,0.91,1.1,1.18,0.91,0.77,0.66
1999-06-01,13604.771,178.023000000001,NA,NA,111.151,NA,217,2258,0.54010000000001,58,0.789999999999999,0.79,0.840000000000001,0.91,0.989999999999999,1.18,0.91,0.77,0.66,0.44
1999-05-01,NA,NA,NA,111.151,NA,NA,362,1810,0.195700000000002,-157,0.79,0.840000000000001,0.91,0.989999999999999,1.05,0.91,0.77,0.66,0.44,0.27
1999-04-01,NA,NA,111.151,NA,NA,123.927,116,1147,0.186499999999995,40,0.840000000000001,0.91,0.989999999999999,1.05,1.01,0.77,0.66,0.44,0.27,0.15
1999-03-01,13426.748,111.151,NA,NA,123.927,NA,419,2652,0.505499999999998,-78,0.91,0.989999999999999,1.05,1.01,0.93,0.66,0.44,0.27,0.15,0.3
1999-02-01,NA,NA,NA,123.927,NA,NA,104,338,0.358999999999995,-44,0.989999999999999,1.05,1.01,0.93,0.81,0.44,0.27,0.15,0.3,0.46
1999-01-01,NA,NA,123.927,NA,NA,208.918,372,2239,0.350000000000009,132,1.05,1.01,0.93,0.81,0.69,0.27,0.15,0.3,0.46,0.07
1998-12-01,13315.597,123.927,NA,NA,208.918,NA,275,1742,-0.0794999999999959,-55,1.01,0.93,0.81,0.69,0.62,0.15,0.3,0.46,0.07,0.3
1998-11-01,NA,NA,NA,208.918,NA,NA,204,3999,0.588699999999989,133,0.93,0.81,0.69,0.62,0.600000000000001,0.3,0.46,0.07,0.3,0.37
1998-10-01,NA,NA,208.918,NA,NA,161.413,198,2171,-0.0792999999999893,-32,0.81,0.69,0.62,0.600000000000001,0.6,0.46,0.07,0.3,0.37,0.38
1998-09-01,13191.67,208.918,NA,NA,161.413,NA,335,-1032,1.7371,-84,0.69,0.62,0.600000000000001,0.6,0.609999999999999,0.07,0.3,0.37,0.38,0.51
1998-08-01,NA,NA,NA,161.413,NA,NA,135,-1560,-0.336399999999998,57,0.62,0.600000000000001,0.6,0.609999999999999,0.64,0.3,0.37,0.38,0.51,0.56
1998-07-01,NA,NA,161.413,NA,NA,117.597,230,1896,-0.505800000000008,105,0.600000000000001,0.6,0.609999999999999,0.64,0.600000000000001,0.37,0.38,0.51,0.56,0.49
1998-06-01,12982.752,161.413,NA,NA,117.597,NA,400,1089,0.552800000000005,-4,0.6,0.609999999999999,0.64,0.600000000000001,0.58,0.38,0.51,0.56,0.49,0.34
1998-05-01,NA,NA,NA,117.597,NA,NA,281,2903,0.291899999999998,-27,0.609999999999999,0.64,0.600000000000001,0.58,0.58,0.51,0.56,0.49,0.34,0.36
1998-04-01,NA,NA,117.597,NA,NA,126.246999999999,148,1399,0.0353999999999957,-17,0.64,0.600000000000001,0.58,0.58,0.56,0.56,0.49,0.34,0.36,0.51
1998-03-01,12821.339,117.597,NA,NA,126.246999999999,NA,211,97,0.150199999999998,59,0.600000000000001,0.58,0.58,0.56,0.55,0.49,0.34,0.36,0.51,0.6
1998-02-01,NA,NA,NA,126.246999999999,NA,NA,257,406,0.372399999999999,-41,0.58,0.58,0.56,0.55,0.57,0.34,0.36,0.51,0.6,0.92
1998-01-01,NA,NA,126.246999999999,NA,NA,106.485000000001,323,741,0.356999999999999,56,0.58,0.56,0.55,0.57,0.55,0.36,0.51,0.6,0.92,1.13
1997-12-01,12703.742,126.246999999999,NA,NA,106.485000000001,NA,302,604,0.6614,-10,0.56,0.55,0.57,0.55,0.600000000000001,0.51,0.6,0.92,1.13,1.02
1997-11-01,NA,NA,NA,106.485000000001,NA,NA,349,-476,0.732900000000001,-26,0.55,0.57,0.55,0.600000000000001,0.61,0.6,0.92,1.13,1.02,1.03
1997-10-01,NA,NA,106.485000000001,NA,NA,153.789000000001,489,1003,0.750200000000007,156,0.57,0.55,0.600000000000001,0.61,0.609999999999999,0.92,1.13,1.02,1.03,1.42
1997-09-01,12577.495,106.485000000001,NA,NA,153.789000000001,NA,-28,606,0.815899999999999,-47,0.55,0.600000000000001,0.61,0.609999999999999,0.619999999999999,1.13,1.02,1.03,1.42,1.51
1997-08-01,NA,NA,NA,153.789000000001,NA,NA,298,2646,0.669499999999999,-57,0.600000000000001,0.61,0.609999999999999,0.619999999999999,0.609999999999999,1.02,1.03,1.42,1.51,1.59
1997-07-01,NA,NA,153.789000000001,NA,NA,201.749,256,3128,0.367500000000007,52,0.61,0.609999999999999,0.619999999999999,0.609999999999999,0.63,1.03,1.42,1.51,1.59,1.41
1997-06-01,12471.01,153.789000000001,NA,NA,201.749,NA,272,-1686,0.444799999999987,-50,0.609999999999999,0.619999999999999,0.609999999999999,0.63,0.630000000000001,1.42,1.51,1.59,1.41,1.28
1997-05-01,NA,NA,NA,201.749,NA,NA,297,-1546,0.065100000000001,35,0.619999999999999,0.609999999999999,0.63,0.630000000000001,0.67,1.51,1.59,1.41,1.28,1.41
1997-04-01,NA,NA,201.749,NA,NA,77.6970000000001,317,739,0.494200000000006,-29,0.609999999999999,0.63,0.630000000000001,0.67,0.69,1.59,1.41,1.28,1.41,1.26
1997-03-01,12317.221,201.749,NA,NA,77.6970000000001,NA,317,1941,0.912000000000006,131,0.63,0.630000000000001,0.67,0.69,0.69,1.41,1.28,1.41,1.26,1.03
1997-02-01,NA,NA,NA,77.6970000000001,NA,NA,214,1490,0.136299999999991,-15,0.630000000000001,0.67,0.69,0.69,0.680000000000001,1.28,1.41,1.26,1.03,1.41
1997-01-01,NA,NA,77.6970000000001,NA,NA,123.712,196,1028,0.479900000000001,-119,0.67,0.69,0.69,0.680000000000001,0.69,1.41,1.26,1.03,1.41,1.59
1996-12-01,12115.472,77.6970000000001,NA,NA,123.712,NA,282,-97,0.681600000000003,97,0.69,0.69,0.680000000000001,0.69,0.72,1.26,1.03,1.41,1.59,1.45
1996-11-01,NA,NA,NA,123.712,NA,NA,265,1804,-0.0144999999999982,-83,0.69,0.680000000000001,0.69,0.72,0.699999999999999,1.03,1.41,1.59,1.45,1.57
1996-10-01,NA,NA,123.712,NA,NA,105.923000000001,202,2898,0.474499999999992,-82,0.680000000000001,0.69,0.72,0.699999999999999,0.69,1.41,1.59,1.45,1.57,1.68
1996-09-01,12037.775,123.712,NA,NA,105.923000000001,NA,179,26,0.381900000000002,85,0.69,0.72,0.699999999999999,0.69,0.680000000000001,1.59,1.45,1.57,1.68,1.59
1996-08-01,NA,NA,NA,105.923000000001,NA,NA,249,264,0.0011999999999972,5,0.72,0.699999999999999,0.69,0.680000000000001,0.69,1.45,1.57,1.68,1.59,1.42
1996-07-01,NA,NA,105.923000000001,NA,NA,193.722,274,-231,0.558400000000006,-37,0.699999999999999,0.69,0.680000000000001,0.69,0.68,1.57,1.68,1.59,1.42,1.17
1996-06-01,11914.063,105.923000000001,NA,NA,193.722,NA,338,1623,0.565100000000001,-12,0.69,0.680000000000001,0.69,0.68,0.64,1.68,1.59,1.42,1.17,0.85
1996-05-01,NA,NA,NA,193.722,NA,NA,166,785,0.734999999999999,92,0.680000000000001,0.69,0.68,0.64,0.66,1.59,1.42,1.17,0.85,0.5
1996-04-01,NA,NA,193.722,NA,NA,86.3510000000006,255,1883,-0.1066,-67,0.69,0.68,0.64,0.66,0.67,1.42,1.17,0.85,0.5,0.42
1996-03-01,11808.14,193.722,NA,NA,86.3510000000006,NA,420,3309,1.04949999999999,24,0.68,0.64,0.66,0.67,0.66,1.17,0.85,0.5,0.42,0.41
1996-02-01,NA,NA,NA,86.3510000000006,NA,NA,-8,-1700,-0.392600000000002,36,0.64,0.66,0.67,0.66,0.63,0.85,0.5,0.42,0.41,0.6
1996-01-01,NA,NA,86.3510000000006,NA,NA,77.7569999999996,160,1735,0.246800000000007,-21,0.66,0.67,0.66,0.63,0.609999999999999,0.5,0.42,0.41,0.6,0.77
1995-12-01,11614.418,86.3510000000006,NA,NA,77.7569999999996,NA,139,2488,0.183399999999992,83,0.67,0.66,0.63,0.609999999999999,0.619999999999999,0.42,0.41,0.6,0.77,0.92
1995-11-01,NA,NA,NA,77.7569999999996,NA,NA,153,-830,-0.120699999999999,0,0.66,0.63,0.609999999999999,0.619999999999999,0.629999999999999,0.41,0.6,0.77,0.92,0.69
1995-10-01,NA,NA,77.7569999999996,NA,NA,96.5889999999999,227,485,0.282000000000011,-47,0.63,0.609999999999999,0.619999999999999,0.629999999999999,0.600000000000001,0.6,0.77,0.92,0.69,0.53
1995-09-01,11528.067,77.7569999999996,NA,NA,96.5889999999999,NA,264,1601,0.93889999999999,-45,0.609999999999999,0.619999999999999,0.629999999999999,0.600000000000001,0.549999999999999,0.77,0.92,0.69,0.53,0.78
1995-08-01,NA,NA,NA,96.5889999999999,NA,NA,91,-580,-0.299299999999988,180,0.619999999999999,0.629999999999999,0.600000000000001,0.549999999999999,0.57,0.92,0.69,0.53,0.78,1.22
1995-07-01,NA,NA,96.5889999999999,NA,NA,NA,244,2514,0.23299999999999,-33,0.629999999999999,0.600000000000001,0.549999999999999,0.57,0.58,0.69,0.53,0.78,1.22,1.29
1995-06-01,11450.31,96.5889999999999,NA,NA,NA,NA,-18,1954,0.3459,47,0.600000000000001,0.549999999999999,0.57,0.58,NA,0.53,0.78,1.22,1.29,NA
1995-05-01,NA,NA,NA,NA,NA,NA,157,785,-0.125799999999998,18,0.549999999999999,0.57,0.58,NA,NA,0.78,1.22,1.29,NA,NA
1995-04-01,NA,NA,NA,NA,NA,NA,NA,NA,NA,NA,0.57,0.58,NA,NA,NA,1.22,1.29,NA,NA,NA
1995-03-01,11353.721,NA,NA,NA,NA,NA,NA,NA,NA,NA,0.58,NA,NA,NA,NA,1.29,NA,NA,NA,NA
1995-01-01,NA,NA,NA,NA,NA,NA,NA,NA,NA,NA,NA,NA,NA,NA,NA,NA,NA,NA,NA,NA
