"date","GDP","gdp_growth","Unemployment","junk_bond_spread","yield_spread","CPI","Crude_Oil","Interest_Rate","Trade_Balance","Retail_Sales","Housing_Starts","Capacity_Utilization","Industrial_Production","Nonfarm_Payrolls","PPI","Core_PCE","New_Orders_Durable_Goods","Three_Month_Treasury_Yield","Consumer_Confidence_Index","New_Home_Sales","Business_Inventories","Construction_Spending","Wholesale_Inventories","Personal_Income","dummy"
1995-04-01,11353.721,NA,NA,0.57,1.22,NA,NA,NA,NA,NA,NA,83.7001,71.1538,NA,NA,NA,NA,NA,NA,NA,NA,NA,NA,NA,0
1995-05-01,NA,NA,-0.2,0.549999999999999,0.78,0.299999999999983,1.03,-0.04,519,1954,47,83.8228,71.4997,NA,0.300000000000011,0.11699999999999,1437,0.0700000000000003,-2.7,53,6395,-530,860,81.6000000000004,0
1995-06-01,NA,NA,0,0.600000000000001,0.53,0.300000000000011,-1.64,-0.00999999999999979,-1533,2514,-33,83.8038,71.7327,262,0.399999999999991,0.0600000000000023,-2787,-0.21,2.90000000000001,51,3924,3565,1435,24.1999999999998,0
1995-07-01,11450.31,3.38850890428262,0.100000000000001,0.629999999999999,0.69,0.199999999999989,-1.56,-0.15,2935,-580,180,83.1565,71.4334,-153,0,0.108999999999995,-1136,-0.04,1.7,40,3376,1211,2367,18,0
1995-08-01,NA,NA,0,0.619999999999999,0.92,0.300000000000011,0.260000000000002,-0.109999999999999,984,1601,-45,83.9385,72.3723,173,-0.200000000000003,0.166000000000011,5457,-0.0199999999999996,1.8,-64,3163,3654,339,5.19999999999982,0
1995-09-01,NA,NA,-0.100000000000001,0.609999999999999,0.77,0.199999999999989,0.489999999999998,0.0599999999999996,780,485,-47,83.9436,72.6543,-37,0.100000000000009,0.090999999999994,5803,-0.15,-7.3,-23,3932,3015,1072,26.3999999999996,0
1995-10-01,11528.067,2.70714669877208,-0.0999999999999996,0.63,0.6,0.400000000000006,-0.409999999999997,-0.04,-190,-830,0,83.4711,72.5336,-74,0.0999999999999943,0.168999999999997,-4702,-0.0300000000000002,1.3,18,4194,1121,930,9,0
1995-11-01,NA,NA,0.0999999999999996,0.66,0.41,0.199999999999989,0.0699999999999967,0.04,-400,2488,83,83.3377,72.717,-14,0.100000000000009,0.0450000000000017,673,0.0600000000000005,-2,-32,2544,2313,144,22.1000000000004,0
1995-12-01,NA,NA,0,0.67,0.42,0.200000000000017,0.690000000000001,-0.2,243,1735,-21,83.2653,72.9638,21,0.299999999999997,0.097999999999999,7133,-0.0300000000000002,2.8,45,-1382,508,243,10.7999999999993,0
1996-01-01,11614.418,2.98503469240003,0,0.66,0.5,0.799999999999983,NA,-0.04,-2194,-1700,36,82.4552,72.5712,-168,0.599999999999994,0.0790000000000077,-7473,NA,-1.7,5,5345,17185,1396,10.8000000000011,0
1996-02-01,NA,NA,-0.0999999999999996,0.64,0.85,0.300000000000011,NA,-0.34,1146,3309,24,83.2784,73.6207,428,-0.0999999999999943,0.090999999999994,-5033,NA,-0.799999999999997,55,547,-7086,-217,63.6999999999989,0
1996-03-01,NA,NA,0,0.68,1.17,0.5,1.82,0.0899999999999999,-437,1883,-67,82.7819,73.5141,-165,0.200000000000003,0.162000000000006,14203,-0.0299999999999994,5.2,-48,-2131,6486,-180,26.6000000000004,0
1996-04-01,11808.14,6.61674672356298,0.0999999999999996,0.69,1.42,0.599999999999994,2.84,-0.0899999999999999,-988,785,92,83.2259,74.2491,-89,1,0.0949999999999989,-8146,0.17,-1,15,2965,15926,3253,-50.6000000000004,0
1996-05-01,NA,NA,0,0.680000000000001,1.59,0.300000000000011,-1.48,0.0200000000000005,-515,1623,-12,83.4707,74.8142,172,0.699999999999989,0.122,7672,-0.0499999999999998,-3.3,10,1650,9722,-127,105,0
1996-06-01,NA,NA,-0.3,0.69,1.68,0.299999999999983,-0.949999999999999,0.0299999999999994,1799,-231,-37,83.7026,75.3726,-64,-0.0999999999999943,0.054000000000002,97,0.0999999999999996,3,-25,-634,1964,-858,50.3000000000011,0
1996-07-01,11914.063,3.57213717308511,0.2,0.699999999999999,1.57,0.300000000000011,1.62,0.130000000000001,-2672,264,5,83.3175,75.3738,-25,0,0.131999999999991,-1011,0,2.3,49,4655,-2251,274,-23.1000000000004,0
1996-08-01,NA,NA,-0.4,0.72,1.45,0.199999999999989,-0.530000000000001,-0.180000000000001,-225,26,85,83.3523,75.7557,-70,0.300000000000011,0.061000000000007,-6278,0.0300000000000002,0.599999999999994,56,2169,4060,-178,20.7000000000007,0
1996-09-01,NA,NA,0.100000000000001,0.69,1.59,0.5,NA,0.0800000000000001,162,2898,-82,83.4837,76.2302,23,-0.100000000000023,0.213999999999999,8132,NA,-0.599999999999994,-56,727,11507,-1739,19.1999999999989,0
1996-10-01,12037.775,4.13206201974745,0,0.680000000000001,1.41,0.5,NA,-0.0599999999999996,3560,1804,-83,83.0746,76.2157,63,-0.199999999999989,0.167999999999992,-176,NA,1.8,-50,3711,6295,718,-1.19999999999891,0
1996-11-01,NA,NA,0.2,0.69,1.03,0.5,-1.35,0.0699999999999994,-633,-97,97,83.4158,76.8973,17,0.199999999999989,0.0930000000000035,5517,0.0600000000000005,2.7,51,68,-949,175,22.3999999999996,0
1996-12-01,NA,NA,0,0.69,1.26,0.400000000000006,1.7,-0.0199999999999996,-3207,1028,-119,83.5292,77.3772,-86,0.900000000000006,0.027000000000001,-8451,-0.0800000000000001,-2.3,34,189,-14734,149,28,0
1997-01-01,12115.472,2.57347653523041,-0.100000000000001,0.67,1.41,0.300000000000011,NA,-0.04,-794,1490,-15,83.2734,77.5135,18,0.599999999999994,0.0760000000000076,-505,NA,0.5,25,3139,2530,2391,23.2999999999993,0
1997-02-01,NA,NA,-0.0999999999999996,0.630000000000001,1.28,0.299999999999983,NA,-0.0599999999999996,1493,1941,131,83.8357,78.4255,103,-1.19999999999999,0.146000000000001,8394,NA,2.3,-29,2931,6807,134,22.8000000000011,0
1997-03-01,NA,NA,0,0.63,1.41,0.100000000000023,-3.95,0.199999999999999,1393,739,-29,83.9386,78.9197,0,-1.2,0.169999999999987,-2653,0.119999999999999,0.299999999999997,30,-364,5052,1395,39.7999999999993,0
1997-04-01,12317.221,6.60602040106966,-0.100000000000001,0.609999999999999,1.59,0.0999999999999943,0.0500000000000007,0.12,297,-1546,35,83.5773,78.9848,-20,-0.299999999999997,0.140000000000001,6486,0.0800000000000001,1.40000000000001,-87,4259,-4292,364,5.5,0
1997-05-01,NA,NA,-0.199999999999999,0.619999999999999,1.51,0,-0.400000000000002,-0.00999999999999979,-308,-1686,-50,83.6033,79.4296,-25,0.400000000000006,0.0520000000000067,-5468,-0.0800000000000001,1.8,16,3924,8568,1383,37.3999999999996,0
1997-06-01,NA,NA,0.0999999999999996,0.609999999999999,1.42,0.299999999999983,1.25,0.0599999999999996,1240,3128,52,83.5281,79.7971,-16,-0.200000000000003,0.105999999999995,6242,-0.31,1.3,33,6145,1653,4285,27.8000000000011,0
1997-07-01,12471.01,4.96335452775156,-0.0999999999999996,0.61,1.03,0.200000000000017,-1.04,-0.04,121,2646,-57,83.75,80.4666,42,-0.299999999999997,0.0490000000000066,4032,0.25,2.59999999999999,12,2107,11014,-1014,33.3999999999996,0
1997-08-01,NA,NA,-0.100000000000001,0.600000000000001,1.02,0.400000000000006,0.16,0.0200000000000005,-1710,606,-47,84.0989,81.2825,-326,0.299999999999997,-0.0289999999999964,-1558,0.0999999999999996,-2.69999999999999,10,1232,2183,892,45.5,0
1997-09-01,NA,NA,0.100000000000001,0.55,1.13,0.399999999999977,NA,0,-526,1003,156,84.3562,82.0327,517,0.299999999999997,0.149000000000001,533,NA,1.59999999999999,25,6382,6933,2278,22.8999999999996,0
1997-10-01,12577.495,3.4009420197485,-0.2,0.57,0.92,0.300000000000011,NA,-0.04,180,-476,-26,84.5733,82.7656,-140,0.299999999999997,0.108999999999995,-34,NA,-0.400000000000006,-40,3882,6670,888,43.2999999999993,0
1997-11-01,NA,NA,-0.100000000000001,0.55,0.6,0.199999999999989,-0.109999999999999,0.0199999999999996,-697,604,-10,84.6992,83.427,-47,0.100000000000009,0.0220000000000056,13386,0.140000000000001,1.60000000000001,64,1835,-9486,2055,57.4000000000015,0
1997-12-01,NA,NA,0.100000000000001,0.56,0.51,0.100000000000023,-2.15,-0.0199999999999996,-1503,741,56,84.5069,83.784,21,-1.10000000000001,0.0419999999999874,-17417,-0.0100000000000007,-5.10000000000001,-71,5377,-1689,2345,52.0999999999985,0
1998-01-01,12703.742,3.99499595454031,-0.100000000000001,0.58,0.36,0.199999999999989,NA,0.0599999999999996,513,406,-41,84.3255,84.1564,-66,-1.39999999999999,0.109999999999999,518,NA,4.5,79,2809,3665,634,78.6000000000004,0
1998-02-01,NA,NA,0,0.58,0.34,0,NA,-0.0499999999999998,-788,97,59,83.9236,84.3066,-46,-0.400000000000006,0.0620000000000118,6982,NA,3.80000000000001,-6,6687,2435,2646,58.3000000000011,0
1998-03-01,NA,NA,0.100000000000001,0.600000000000001,0.49,0,-1.75,-0.0199999999999996,-1316,1399,-17,83.4139,84.342,-63,-0.299999999999997,0.0769999999999982,-4384,0.0800000000000001,-3.90000000000001,-30,5210,18785,1705,53.1999999999989,0
1998-04-01,12821.339,3.68571859276869,-0.4,0.64,0.56,0.199999999999989,0.369999999999999,-0.04,-1060,2903,-27,83.1697,84.6339,133,0.200000000000003,0.132999999999996,4029,-0.19,2.2,30,2200,7445,-155,29.7000000000007,0
1998-05-01,NA,NA,0.100000000000001,0.609999999999999,0.51,0.400000000000006,0.56,0.04,-262,1089,-4,83.1957,85.1867,119,0.199999999999989,0.0700000000000074,-281,-0.100000000000001,-2.2,21,-904,-26,1949,37.8999999999996,0
1998-06-01,NA,NA,0.0999999999999996,0.6,0.38,0.200000000000017,-1.26,0.0699999999999994,955,1896,105,82.2129,84.6809,-170,-0.299999999999997,-0.0910000000000082,-8445,-0.04,-0.900000000000006,36,488,28852,-833,52.2000000000007,0
1998-07-01,12982.752,5.00432603077456,0,0.600000000000001,0.37,0.399999999999977,-0.52,-0.0199999999999996,-702,-1560,57,81.4369,84.3445,-95,0.100000000000009,0.204000000000008,-1730,0.11,-0.399999999999991,-47,2054,-6637,393,15.7999999999993,0
1998-08-01,NA,NA,0,0.62,0.3,0.200000000000017,-0.540000000000001,0.00999999999999979,-2079,-1032,-84,82.6826,86.0816,200,-0.700000000000003,0.141999999999996,8574,0.0200000000000005,-0.799999999999997,-30,2324,1616,2411,29.2999999999993,0
1998-09-01,NA,NA,0.0999999999999996,0.69,0.07,0.0999999999999943,-0.31,-0.04,1208,2171,-32,82.1974,86.0023,-137,-0.400000000000006,-0.0120000000000005,2389,-0.19,-3.5,18,4452,9405,1507,26.2000000000007,0
1998-10-01,13191.67,6.3855449962098,-0.0999999999999996,0.81,0.46,0.400000000000006,1.9,-0.44,5,3999,133,82.3679,86.591,6,0.200000000000003,0.141999999999996,-2895,-0.66,-3.5,29,2408,382,756,12,0
1998-11-01,NA,NA,-0.0999999999999996,0.93,0.3,0.199999999999989,-1.07,-0.24,-358,1742,-55,81.9145,86.5115,71,-0.400000000000006,0.0130000000000052,3873,0.18,5.3,102,4364,-98,1577,37.1000000000004,0
1998-12-01,NA,NA,0,1.01,0.15,0.300000000000011,-3.18,-0.15,428,2239,132,81.8823,86.8615,97,-0.799999999999997,0.125999999999991,-3976,0.0700000000000003,-2.2,-46,-404,-856,1253,17.1000000000004,0
1999-01-01,13315.597,3.74019405097883,-0.100000000000001,1.05,0.27,0.299999999999983,NA,-0.0499999999999998,-1131,338,-44,81.8698,87.2205,-268,0.100000000000009,0.104000000000013,8103,NA,3.40000000000001,-74,-103,1829,338,52.3999999999996,0
1999-02-01,NA,NA,0.100000000000001,0.989999999999999,0.44,0,NA,0.13,-2592,2652,-78,82.0031,87.726,315,-0.600000000000009,-0.0250000000000057,-981,NA,4.19999999999999,-27,5641,17490,2288,32.1000000000004,0
1999-03-01,NA,NA,-0.2,0.91,0.66,0.100000000000023,-0.0800000000000001,0.0499999999999998,749,1147,40,81.8486,87.9125,-303,0.299999999999997,0.0220000000000056,-857,0.16,-2.39999999999999,15,7330,10918,924,7.89999999999964,0
1999-04-01,13426.748,3.32511273982803,0.0999999999999996,0.840000000000001,0.77,1.09999999999999,4.37,-0.0699999999999994,-227,1810,-157,81.7151,88.1082,246,1,0.187999999999988,-1696,-0.26,-1.10000000000001,55,2867,-8438,341,-31.1000000000004,0
1999-05-01,NA,NA,-0.0999999999999996,0.79,0.91,0.0999999999999943,2.18,0,-2100,2258,58,81.9082,88.6483,-145,1.10000000000001,0.0700000000000074,2970,0.149999999999999,2.2,-30,2987,-1430,604,16.2999999999993,0
1999-06-01,NA,NA,0.0999999999999996,0.789999999999999,1.18,0,-2.52,0.0199999999999996,-2846,714,-52,81.5543,88.5903,54,0.5,0.0390000000000015,-3373,0.0899999999999999,0.5,35,2877,11809,169,32,0
1999-07-01,13604.771,5.26868131431257,0,0.76,1.1,0.699999999999989,3.08,0.23,-208,2007,110,81.7388,89.1098,66,0.5,0.131999999999991,6493,-0.00999999999999979,-1.3,-23,5280,6648,2987,17.7000000000007,0
1999-08-01,NA,NA,-0.0999999999999996,0.75,1.07,0.400000000000006,1.07,0.0800000000000001,474,2774,-21,81.8026,89.5007,-186,1.2,0.0360000000000014,331,0.100000000000001,-1.5,-7,1833,-4291,640,40.1000000000004,0
1999-09-01,NA,NA,0,0.81,1.1,0.700000000000017,1.33,0.149999999999999,-73,1087,-13,81.1741,89.1304,49,1.09999999999999,0.195000000000007,-504,0.18,2.7,-67,6351,9878,1539,-12.3999999999996,0
1999-10-01,13827.98,6.50941426842664,-0.100000000000001,0.830000000000001,1.09,0.299999999999983,2.72,-0.0199999999999996,-673,501,-27,81.9218,90.2709,206,-0.299999999999997,0.125999999999991,5637,-0.0899999999999999,-4,46,3520,8504,2977,52,0
1999-11-01,NA,NA,0,0.79,0.8,0.300000000000011,-2.07,0.22,-1754,3147,40,82.0702,90.7528,-117,0.600000000000009,0.0710000000000122,-7950,0.24,4,-9,12571,21293,3719,62.1999999999989,0
1999-12-01,NA,NA,-0.0999999999999996,0.64,0.92,0.400000000000006,2.57,-0.12,-813,4898,60,82.4391,91.4784,27,-0.500000000000014,0.0939999999999941,9747,0.14,-1.8,10,8923,8232,1359,75,0
2000-01-01,13878.147,1.44854760322062,0,0.55,1.16,0.5,NA,0.15,-1192,-1819,-72,82.0932,91.4092,-88,0.500000000000014,0.177999999999997,5016,0.149999999999999,6.59999999999999,0,2763,-4491,2586,64,0
2000-02-01,NA,NA,0.0999999999999996,0.609999999999999,0.79,0.699999999999989,NA,0.28,-2663,3976,101,82.0943,91.7245,-118,1.5,0.109000000000009,-17449,0.27,-0.700000000000003,-17,6412,8797,1825,38,0
2000-03-01,NA,NA,-0.0999999999999996,0.69,0.4,1,3.43,0.119999999999999,-763,3172,-133,82.134,92.083,373,1,0.152999999999992,8219,0.0599999999999996,-4.2,44,4231,15722,2196,26.1000000000004,0
2000-04-01,14130.908,7.21960413799181,-0.2,0.760000000000001,0.17,-0.0999999999999943,-5.43,0.17,1959,-4146,22,82.3741,92.6659,-204,-0.100000000000023,0.0490000000000066,2914,0.0900000000000007,2.10000000000001,-59,6886,-4693,2756,49.7000000000007,0
2000-05-01,NA,NA,0.2,0.91,0.45,0.299999999999983,-0.440000000000001,0.25,-567,348,-51,82.335,92.9347,-57,0.900000000000006,0.0799999999999983,-6438,-0.0200000000000005,1.5,16,6422,239,1700,40.7999999999993,0
2000-06-01,NA,NA,0,0.81,0.24,1,4.35,0.260000000000001,-1240,2028,-16,82.1191,93.0018,-265,2.20000000000002,0.0570000000000022,31139,-0.0999999999999996,-4.3,-64,10289,-9594,1937,27.7999999999993,0
2000-07-01,14145.312,0.407522681486938,0,0.699999999999999,-0.09,0.5,NA,0.00999999999999979,-847,-792,-96,81.7036,92.8373,209,-0.100000000000023,0.170999999999992,-30480,0.18,1.89999999999999,94,1111,-11616,891,53.6000000000004,0
2000-08-01,NA,NA,0.0999999999999996,0.71,-0.45,0,NA,-0.04,1321,288,78,81.2193,92.591,-160,-0.799999999999983,0.0960000000000036,-535,0.32,-1,-39,7894,21546,980,62.3999999999996,0
2000-09-01,NA,NA,-0.2,0.73,-0.38,0.900000000000006,5.57,0.0199999999999996,-3402,4630,-34,81.2955,92.9827,98,1.79999999999998,0.182000000000002,11217,0.0199999999999996,-0.5,64,195,8989,170,12,0
2000-10-01,14229.765,2.3810543139561,0,0.79,-0.55,0.300000000000011,-1.37,-0.00999999999999979,-45,-621,42,80.7298,92.64,-90,0.700000000000017,0.105000000000004,-13789,-0.0599999999999996,-1,21,6457,1770,2059,28.9000000000015,0
2000-11-01,NA,NA,0,0.829999999999999,-0.64,0.299999999999983,1.09,0,655,-898,2,80.4815,92.6604,190,-0.400000000000006,0.132999999999996,3234,0.149999999999999,1.8,-53,7118,3954,2046,4.29999999999927,0
2000-12-01,NA,NA,0,0.81,-0.7,0.400000000000006,-1.08,-0.109999999999999,-697,-238,-19,79.9449,92.3457,-44,1.19999999999999,0.0739999999999981,-733,-0.13,-9.19999999999999,103,-1144,-8538,-137,20.7999999999993,0
2001-01-01,14183.12,-1.31334897965729,0.3,0.779999999999999,-0.13,1,NA,-0.42,-1782,3043,68,79.2915,91.8908,-173,3.80000000000001,0.281000000000006,-11603,NA,-3.7,-47,2051,2963,-446,47.4000000000015,0
2001-02-01,NA,NA,0,0.77,0.09,0.400000000000006,NA,-0.49,5901,-61,25,78.5159,91.2851,98,-2.59999999999999,0.134,3220,NA,-4.10000000000001,27,-6345,-832,291,11.6999999999989,0
2001-03-01,NA,NA,0.0999999999999996,0.859999999999999,0.35,0.0999999999999943,-2.1,-0.180000000000001,-3511,-2323,-35,78.0741,91.0585,-122,-1.5,0.0789999999999935,1933,-0.15,0.900000000000006,-24,-5532,14410,15,31,0
2001-04-01,14271.694,2.49024396590869,0.100000000000001,0.87,1.17,0.300000000000011,-2.08,-0.51,2291,4358,59,77.561,90.7384,-257,0.5,0.120999999999995,-10359,-0.6,-3.09999999999999,-30,-1634,14335,1427,-21.2999999999993,0
2001-05-01,NA,NA,-0.100000000000001,0.78,1.69,0.900000000000006,2.67,-0.59,3426,688,-44,76.9249,90.2607,246,0.400000000000006,0.0180000000000007,5899,-0.29,3.59999999999999,-24,-2325,5754,1141,-18.3999999999996,0
2001-06-01,NA,NA,0.2,0.79,1.71,0.399999999999977,-0.490000000000002,-0.24,-2056,-1095,31,76.3013,89.7811,-62,-1.30000000000001,0.170000000000002,-1399,-0.24,0.599999999999994,-3,-8933,7584,-2423,3.39999999999964,0
2001-07-01,14214.516,-1.6057756167271,0.0999999999999996,0.84,1.65,-0.299999999999983,-1.86,-0.2,-751,-897,34,75.6377,89.2352,-18,-2.09999999999999,0.197000000000003,-6221,0,-0.199999999999989,-2,-8131,-5259,-2944,152.6,0
2001-08-01,NA,NA,0.300000000000001,0.83,1.53,0,0.809999999999999,-0.12,1808,1909,-103,75.3826,89.157,-22,0,0.0379999999999967,355,-0.14,-0.900000000000006,-14,-1445,-3006,-788,172.4,0
2001-09-01,NA,NA,0.0999999999999996,0.859999999999999,2.04,0.699999999999989,NA,-0.58,-2123,-5329,-5,74.7982,88.6749,-108,-0.0999999999999943,-0.435000000000002,-6361,NA,-9.7,-13,-6358,-10053,-761,-90.3000000000011,0
2001-10-01,14253.574,1.09759452094309,0.3,0.88,2.37,-0.5,NA,-0.58,-371,18456,-22,74.4059,88.4051,-53,-3,0.536000000000001,7407,NA,0.900000000000006,18,-18165,8529,-1771,-185.099999999999,0
2001-11-01,NA,NA,0.2,0.84,2.74,-0.0999999999999943,-2.65,-0.4,585,-7429,62,73.8179,87.886,3,-0.5,0.156000000000006,-7719,-0.3,1.2,53,-12765,-2030,-3513,12,0
2001-12-01,NA,NA,0.2,1.28,3.37,-0.0999999999999943,-0.199999999999999,-0.27,2515,-3406,-34,73.6523,87.8518,147,-1.70000000000002,0.0180000000000007,1493,-0.27,4.89999999999999,55,-7760,5778,-1883,19.1999999999989,0
2002-01-01,14372.785,3.33152222755828,0,1.32,3.36,0.299999999999983,NA,-0.0900000000000001,-2190,-197,130,74.042,88.4634,37,0.400000000000006,0.0429999999999922,-1980,NA,4.2,-99,-1164,8965,-794,215.800000000001,0
2002-02-01,NA,NA,0,1.38,3.15,0.300000000000011,NA,0.01,-2823,1546,131,73.9315,88.4578,1,-0.0999999999999943,0.147000000000006,9082,NA,-2.3,68,-5529,3684,-2771,16.8999999999996,0
2002-03-01,NA,NA,0,1.3,3.45,0.5,1.97,-0.01,1340,-792,-187,74.401,89.1265,109,1.40000000000001,0.0919999999999987,-4553,0.01,5,-25,-3666,-17787,264,7.39999999999964,0
2002-04-01,14460.848,2.443348677388,0.2,1.27,3.46,0.800000000000011,4.45,0.02,-2804,4571,-50,74.683,89.5507,-93,1,0.215000000000003,3999,0.01,-2.7,13,-1387,13689,-1076,35.2000000000007,0
2002-05-01,NA,NA,-0.100000000000001,1.34,3.4,0.199999999999989,-0.240000000000002,0,-61,-3882,172,74.948,89.9348,124,0,0.0859999999999985,2,-0.01,3.90000000000001,42,3919,-7305,386,42.2999999999993,0
2002-06-01,NA,NA,0,1.32,3.2,0.0999999999999943,-1.48,0,-706,2421,-47,75.5244,90.6736,24,0.0999999999999943,0.123000000000005,-5784,-0.02,-4.5,-21,1949,-4158,844,31.7000000000007,0
2002-07-01,14519.633,1.6227496189515,0,1.37,2.94,0.400000000000006,1.69,-0.02,819,3013,-62,75.4765,90.6436,-131,0.299999999999983,0.157999999999987,8212,-0.04,-4.30000000000001,-1,6584,352,2385,-27.2000000000007,0
2002-08-01,NA,NA,-0.0999999999999996,1.21,2.61,0.5,-0.279999999999998,0.01,-2472,2265,-22,75.39,90.5505,89,0.300000000000011,0.153000000000006,2844,-0.03,-0.5,58,1519,-8121,737,2,0
2002-09-01,NA,NA,0,1.25,2.21,0.300000000000011,NA,0.01,297,-4240,171,75.4643,90.6373,-78,0.800000000000011,0.126999999999995,-10288,NA,-1.5,30,8181,-6874,1184,10.6000000000004,0
2002-10-01,14537.58,0.494114897589526,0,1.41,2.33,0.399999999999977,NA,0,993,1166,-156,75.2771,90.3988,193,0.899999999999977,0.0660000000000025,2296,NA,-5.5,-38,1672,7556,-326,28.1999999999989,0
2002-11-01,NA,NA,0.2,1.31,2.8,0.300000000000011,-3.67,-0.41,-4420,1908,105,75.7113,90.8947,-115,-0.0999999999999943,0.0760000000000076,889,-0.15,3.60000000000001,18,1751,5007,273,29.1000000000004,0
2002-12-01,NA,NA,0.0999999999999996,1.24,2.82,0.300000000000011,0.23,-0.1,-4092,2463,35,75.3192,90.3906,-150,-0.199999999999989,0.0729999999999933,-6061,-0.19,2.5,24,7142,11224,2668,29,0
2003-01-01,14614.141,2.10104030634,-0.2,1.18,2.86,0.799999999999983,NA,0,2451,1301,65,75.9737,91.1369,259,2.40000000000001,0.0529999999999973,6032,NA,-4.3,-49,66,7934,-105,-9.5,0
2003-02-01,NA,NA,0.100000000000001,1.11,2.71,1,NA,0.02,1074,-4081,-224,76.0964,91.2505,-240,2.29999999999998,0.108000000000004,4119,NA,-2.5,-63,8587,-4630,953,-36.3999999999996,0
2003-03-01,NA,NA,0,1.06,2.66,0.300000000000011,3.26,-0.01,-3724,5158,97,75.9158,91.0006,-74,3.59999999999999,0.126000000000005,-1868,0.02,-2.30000000000001,63,833,-8093,1160,22.5,0
2003-04-01,14743.567,3.52689218114719,0.0999999999999996,1.11,2.81,-0.700000000000017,-6.62,0.01,1769,-725,-83,75.471,90.4311,143,-4.39999999999998,0.0870000000000033,-2898,-0.0799999999999998,8.40000000000001,13,1308,8327,743,56.2000000000007,0
2003-05-01,NA,NA,0.0999999999999996,1.16,2.48,-0.299999999999983,-3.43,0,992,810,108,75.4753,90.4,87,-0.100000000000023,0.113,2195,-0.02,6.09999999999999,66,-5071,7355,-1491,79.2999999999993,0
2003-06-01,NA,NA,0.2,1.22,2.39,0.199999999999989,4.67,-0.04,1349,3216,116,75.6024,90.5196,-35,1.30000000000001,0.0439999999999969,1965,0.04,-2.39999999999999,115,-3131,14051,-869,28.6000000000004,0
2003-07-01,14988.782,6.5980810343774,-0.0999999999999996,1.13,3.06,0.599999999999994,-0.309999999999999,-0.21,-1625,3121,30,76.0121,90.9869,10,-0.300000000000011,0.197000000000003,-187,-0.25,1.2,-25,-2414,10399,169,130.5,0
2003-08-01,NA,NA,-0.100000000000001,1.13,3.48,0.800000000000011,1.82,0.02,1429,5062,-64,75.865,90.7933,-30,0.300000000000011,0.0889999999999986,-276,0.0600000000000001,-1.60000000000001,38,-6708,10575,-633,75.6000000000004,0
2003-09-01,NA,NA,0,1.07,3.31,0.599999999999994,NA,-0.02,-1950,-1876,106,76.3685,91.3819,131,0.5,0.109999999999999,5646,NA,-1.59999999999999,-75,3942,9750,920,-125.900000000001,0
2003-10-01,15162.76,4.61614681896094,-0.0999999999999996,1.03,3.35,-0.199999999999989,NA,0,454,-1124,28,76.4833,91.5049,87,0.800000000000011,0.146000000000001,5014,NA,1.89999999999999,13,6169,14143,2992,41.5,0
2003-11-01,NA,NA,-0.2,1.01,3.35,0.0999999999999943,-0.620000000000001,-0.01,1490,3718,116,77.0141,92.1265,-146,-0.400000000000006,0.10799999999999,-2019,0.0099999999999999,4.10000000000001,-51,2004,253,1038,66.1000000000004,0
2003-12-01,NA,NA,-0.0999999999999996,0.98,3.36,0.5,1.08,-0.02,-4182,-1120,-26,77.0642,92.1732,67,0.599999999999994,0.0990000000000038,-172,-0.0099999999999999,-1.10000000000001,36,2687,22506,2087,8.80000000000109,0
2004-01-01,15248.68,2.26020809556076,0,0.9,3.25,0.800000000000011,NA,0.02,-565,1847,-146,77.2041,92.3268,59,1.90000000000001,0.204000000000008,-2817,NA,11.2,36,573,-9966,313,-6,0
2004-02-01,NA,NA,-0.100000000000001,0.77,3.14,0.399999999999977,NA,0.01,93,2139,-65,77.6963,92.8995,-103,0.699999999999989,0.128999999999991,2966,NA,-9.39999999999999,-6,10377,-712,4113,19.7999999999993,0
2004-03-01,NA,NA,0.2,0.78,2.88,0.400000000000006,2.83,-0.01,-2202,5519,152,77.4077,92.5368,255,1,0.134,9207,0.0199999999999999,1.39999999999999,117,9355,23346,1984,44.6000000000004,0
2004-04-01,15366.85,3.08785996757663,-0.2,0.73,3.39,0.300000000000011,-2.38,0,-529,-3400,5,77.7236,92.8957,-46,1.70000000000002,0.207999999999998,-6501,-0.0299999999999999,-1.59999999999999,-90,7970,6443,28,37.6999999999989,0
2004-05-01,NA,NA,0,0.71,3.68,0.799999999999983,3.79,0,-270,5452,-22,78.3145,93.5845,12,2,0.109999999999999,-909,0.07,-4,55,7091,6779,3567,55.6000000000004,0
2004-06-01,NA,NA,0,0.77,3.44,0.700000000000017,4.07,0.03,-6616,-4006,-153,77.724,92.8651,-188,0.399999999999977,0.12700000000001,2181,0.16,5.39999999999999,-61,12237,8706,2706,6.89999999999964,0
2004-07-01,15512.619,3.77649195406846,-0.0999999999999996,0.8,3.14,0.199999999999989,-3.77,0.23,2563,3591,174,78.305,93.5502,-38,0.200000000000017,0.0949999999999989,1195,0.05,1.10000000000001,-92,11647,23097,5768,24.7000000000007,0
2004-08-01,NA,NA,-0.0999999999999996,0.81,2.78,0.0999999999999943,5.27,0.17,-2041,428,22,78.3738,93.6301,28,0.599999999999994,0.0309999999999917,-3107,0.28,-0.799999999999997,87,10148,7432,3349,34.1000000000004,0
2004-09-01,NA,NA,0,0.81,2.45,0.600000000000023,0.0600000000000023,0.18,1961,5592,-119,78.4547,93.7353,64,-0.300000000000011,0.15100000000001,4716,0.0700000000000001,-1.7,39,4,-1536,-56,5,0
2004-10-01,15670.88,4.06015652845326,0.0999999999999996,0.74,2.31,1,6.27,0.15,-3372,2171,167,79.1352,94.5695,189,2.30000000000001,0.174999999999997,-3257,0.12,-2.5,91,7885,3639,5127,2.89999999999964,0
2004-11-01,NA,NA,-0.0999999999999996,0.680000000000001,2.08,0.899999999999977,-0.0599999999999952,0.17,-3909,1096,-290,79.3,94.8015,-267,1.40000000000001,0.173999999999992,7358,0.29,1.09999999999999,-126,13676,7275,4157,-36.3999999999996,0
2004-12-01,NA,NA,0,0.680000000000001,2.01,0,-4.54,0.23,4049,4038,260,79.8779,95.5415,52,-1.20000000000002,0.103999999999999,1033,0.22,4.3,63,2986,14486,798,412.9,0
2005-01-01,15844.727,4.41302021169463,-0.100000000000001,0.659999999999999,1.85,-0.0999999999999943,-3.40000000000001,0.12,-1271,-3178,102,80.1076,95.8785,27,0.700000000000017,0.292000000000002,1297,0.11,-1.59999999999999,-39,10758,8602,5118,-432.5,0
2005-02-01,NA,NA,0.100000000000001,0.62,1.59,0.800000000000011,4.94,0.22,-1905,4330,63,80.6185,96.5709,100,0.699999999999989,0.135000000000005,1600,0.18,-1.40000000000001,116,8799,20766,1822,2.5,0
2005-03-01,NA,NA,-0.2,0.659999999999999,1.7,0.699999999999989,4.57,0.13,4960,555,-343,80.4254,96.4345,-133,2.09999999999999,0.200999999999993,-9867,0.23,-1.5,9,7846,4897,1706,39.7999999999993,0
2005-04-01,15922.782,1.96566012344945,0,0.72,1.5,0.599999999999994,5.59,0.16,-4178,3002,197,80.5049,96.6347,248,1.30000000000001,0.0940000000000083,8239,0.04,-4.89999999999999,-68,5700,9267,3222,35.4000000000015,0
2005-05-01,NA,NA,-0.100000000000001,0.859999999999999,1.24,-0.0999999999999943,-6.32,0.21,1272,-2061,-36,80.4835,96.7251,-197,-0.699999999999989,0.167999999999992,11776,0.14,-0.799999999999997,26,1602,12329,842,48.5,0
2005-06-01,NA,NA,-0.0999999999999996,0.9,0.96,0.0999999999999943,3.46,0.04,-2112,9476,43,80.7304,97.1483,88,0,0.0570000000000022,3397,0.0300000000000002,9.09999999999999,-12,-518,12555,1439,22.7999999999993,0
2005-07-01,16047.587,3.12303268045255,0,0.890000000000001,0.89,1.20000000000002,4.71,0.22,-149,2578,-14,80.3636,96.8397,95,2,0.120000000000005,-15545,0.19,0.5,115,-5731,13205,1275,11.6000000000004,0
2005-08-01,NA,NA,-0.0999999999999996,0.87,0.74,1.19999999999999,2.4,0.24,-444,-3269,41,80.5144,97.1584,-150,1.29999999999998,0.0669999999999931,10364,0.31,-7.40000000000001,-134,4666,10062,1816,18.1999999999989,0
2005-09-01,NA,NA,0.0999999999999996,0.9,0.71,2.70000000000002,7.99,0.12,-6137,649,56,78.8408,95.2764,-152,4.59999999999999,0.182000000000002,-842,-0.0100000000000002,-12.2,-11,7771,19275,1401,-40.0999999999985,0
2005-10-01,16136.734,2.21591694883045,0,0.95,0.67,0.299999999999983,-4.14,0.16,-2383,141,-86,79.6882,96.4411,38,4,0.237000000000009,5904,0.14,-2.7,92,8702,12393,3076,63.5,0
2005-11-01,NA,NA,0,0.97,0.57,-1,-5.51,0.22,3406,3228,82,80.4459,97.5016,267,-2.5,0.210999999999999,10832,0.33,7.39999999999999,-122,9417,11259,1631,71.3999999999996,0
2005-12-01,NA,NA,-0.0999999999999996,0.95,0.5,0,-1.39,0.16,-709,80,-153,80.7149,97.9723,-197,-0.699999999999989,0.0859999999999985,766,0.00999999999999979,9.90000000000001,25,13405,12587,4346,35.1000000000004,0
2006-01-01,16353.835,5.3456553790852,-0.2,0.95,0.08,1.20000000000002,NA,0.13,-2399,9926,279,80.7219,98.127,109,1.30000000000001,0.185999999999993,-11959,NA,-0.299999999999997,-65,9134,10965,1628,116.599999999999,0
2006-02-01,NA,NA,0.0999999999999996,0.92,0.03,0.0999999999999943,NA,0.2,4659,-2625,-154,80.6346,98.1687,37,-2.5,0.134,10198,NA,-4.5,-113,3992,9997,3535,51,0
2006-03-01,NA,NA,-0.0999999999999996,0.88,0.09,0.299999999999983,-4.6,0.0999999999999996,-89,959,-150,80.693,98.3913,0,0.399999999999977,0.230000000000004,7450,0.12,2.2,55,12992,-470,1737,44.7000000000007,0
2006-04-01,16396.151,1.03367429955981,0,0.84,0.27,1,4.06,0.2,-206,1758,-148,80.8033,98.6826,-133,2.10000000000002,0.254999999999995,-12563,0.0599999999999996,-1.5,7,8131,-11873,4504,-3.10000000000036,0
2006-05-01,NA,NA,-0.100000000000001,0.8,0.27,0.600000000000023,7.68000000000001,0.15,-2215,-719,121,80.6874,98.7074,-131,1.5,0.210000000000008,1194,0.15,-8.30000000000001,-37,14941,-12715,2935,-7.60000000000036,0
2006-06-01,NA,NA,0,0.890000000000001,0.19,0.5,-3.64,0.0499999999999998,1018,1175,-140,80.8131,99.0398,45,0.299999999999983,0.212000000000003,5401,0.00999999999999979,5.80000000000001,-12,12444,-8453,2950,15.1000000000004,0
2006-07-01,16420.738,0.599374416032106,0.100000000000001,0.91,0.01,1.09999999999999,NA,0.25,-3109,1127,-65,80.6047,98.9751,108,0.700000000000017,0.0819999999999936,-11726,0.25,-0.200000000000003,-109,5227,-14202,3508,-5,0
2006-08-01,NA,NA,0,0.91,-0.21,0.900000000000006,NA,0.00999999999999979,-1368,1685,-87,80.7869,99.4047,-30,1.09999999999999,0.171999999999997,979,0.0300000000000002,-2.7,70,10166,-12019,3598,-9.89999999999964,0
2006-09-01,NA,NA,-0.2,0.92,-0.21,-1,-5.69000000000001,0,3182,-1730,70,80.4643,99.2246,-28,-2.5,0.132999999999996,24228,-0.100000000000001,3.40000000000001,-19,5270,-10154,2007,63.1000000000004,0
2006-10-01,16561.866,3.42311022616641,-0.0999999999999996,0.91,-0.32,-0.900000000000006,-8.27999999999999,0,5557,-499,-229,80.1979,99.1229,-119,-3.20000000000002,0.153000000000006,-17749,-0.13,8.19999999999999,-75,5285,-12839,2188,53.6000000000004,0
2006-11-01,NA,NA,0.0999999999999996,0.87,-0.47,0.0999999999999943,-2.32,0,599,804,79,79.9873,99.0963,198,2.40000000000001,0.0400000000000063,7857,0.180000000000001,-1.5,62,5595,-1165,3886,48.1999999999989,0
2006-12-01,NA,NA,-0.0999999999999996,0.899999999999999,-0.41,1.09999999999999,4.79,-0.00999999999999979,-2943,4464,79,80.6149,100.1125,-27,1,0.11399999999999,4434,-0.04,-0.399999999999991,-5,1342,13657,-1506,56.7000000000007,0
2007-01-01,16611.69,1.20153624685244,0.199999999999999,0.94,-0.35,0.337000000000018,NA,0.00999999999999979,3868,-114,-240,80.1358,99.7546,35,-1.59999999999999,0.344000000000008,-6274,NA,5.2,-107,3903,2511,1287,-2,0
2007-02-01,NA,NA,-0.0999999999999996,0.890000000000001,-0.44,0.788999999999987,NA,0.00999999999999979,-465,390,71,80.7193,100.7166,-137,2.80000000000001,0.183999999999997,-2007,NA,-5.60000000000001,-63,6562,1115,1672,39.3999999999996,0
2007-03-01,NA,NA,-0.0999999999999996,0.97,-0.52,1.06200000000001,4.62,0,-3704,3152,15,80.6791,100.8952,138,2.5,0.0859999999999985,8564,0,-2.89999999999999,5,1664,7592,2329,39.1000000000004,0
2007-04-01,16713.314,2.43959316587237,0.0999999999999996,0.92,-0.32,0.615999999999985,4.06,-0.00999999999999979,1689,-971,-5,81.0476,101.5723,-161,2.09999999999999,0.122,3894,-0.0899999999999999,-1.30000000000001,54,7792,3966,1430,17.6999999999989,0
2007-05-01,NA,NA,-0.0999999999999996,0.92,-0.12,0.850999999999999,-1.59999999999999,0,922,4747,-75,80.9347,101.6269,85,1.90000000000001,0.100999999999999,-4584,-0.15,1.2,-45,9623,10991,1238,7.10000000000036,0
2007-06-01,NA,NA,0.199999999999999,0.91,0.36,0.479000000000013,0.659999999999997,0,-425,-2780,33,80.8222,101.6547,-72,0.5,0.141999999999996,32,-0.0999999999999996,-3,-49,6931,1930,1457,-6.60000000000036,0
2007-07-01,16809.587,2.29749244372286,0.100000000000001,0.92,0.04,0.369,6.02,0.00999999999999979,-249,1460,-94,80.5906,101.4953,-101,1.29999999999998,0.129000000000005,4308,0.149999999999999,5.10000000000001,-15,2057,-8063,892,13.1000000000004,0
2007-08-01,NA,NA,-0.100000000000001,0.86,0.35,0.063999999999993,5.38,-0.24,3032,1744,-24,80.6774,101.6943,-6,-2.69999999999999,0.128,2582,-0.0599999999999996,-7,-79,5583,3629,1174,4.5,0
2007-09-01,NA,NA,0.100000000000001,0.85,0.53,0.879999999999995,NA,-0.0799999999999992,-944,1511,-147,80.8326,101.9428,119,1.09999999999999,0.234999999999999,-9285,NA,0,-13,7687,-497,2926,18.7000000000007,0
2007-10-01,16915.191,2.50508620487793,0,0.82,0.53,0.643000000000001,NA,-0.180000000000001,492,2420,81,80.5829,101.6446,-12,1.19999999999999,0.224999999999994,4227,NA,-2.5,41,5763,-6089,1240,-9.20000000000073,0
2007-11-01,NA,NA,0,0.96,0.8,1.64400000000001,13.22,-0.27,-3016,3571,-67,81.0492,102.2167,38,4.30000000000001,0.170000000000002,-3695,-0.12,-4.80000000000001,-86,10411,-19583,4869,-10.2999999999993,0
2007-12-01,NA,NA,0.3,1.16,1.03,0.61099999999999,-4.23999999999999,-0.25,2392,-4562,-160,81.1309,102.2764,-10,-0.400000000000006,0.174000000000007,17438,-0.72,-0.599999999999994,-22,11567,-17767,5296,50.3999999999996,0
2008-01-01,16843.003,-1.71071023601286,0,1.21,0.92,0.729000000000013,NA,-0.3,-3049,938,47,81.0828,102.1493,-108,2.40000000000001,0.173000000000002,-5054,NA,2.90000000000001,8,11915,-3794,5446,16.6000000000004,0
2008-02-01,NA,NA,-0.0999999999999996,1.29,1.57,0.513000000000005,NA,-0.96,-2886,-3403,19,80.8474,101.7756,-60,1.69999999999999,0.0849999999999937,-4352,NA,-7.60000000000001,-34,7172,-14699,5043,4.69999999999891,0
2008-03-01,NA,NA,0.199999999999999,1.38,2.23,0.760999999999996,13.39,-0.37,4025,912,-98,80.6547,101.4508,-6,5.20000000000002,0.171000000000006,-169,-0.39,-1.3,-58,773,6798,689,4.10000000000036,0
2008-04-01,16943.291,2.37465037252633,-0.0999999999999996,1.42,2.37,0.494,-1.5,-0.33,-3533,-173,8,80.1636,100.7554,-149,3,0.0510000000000019,-3782,-0.29,-6.9,1,6466,-2194,7152,-45.1000000000004,0
2008-05-01,NA,NA,0.4,1.36,2.12,1.26599999999999,11.68,-0.3,1423,3464,-40,79.7148,100.1336,32,5.69999999999999,0.158999999999992,-3716,0.04,-2.8,-32,2826,295,2541,595.400000000001,0
2008-06-01,NA,NA,0.199999999999999,1.39,2.21,2.255,15.15,0.02,1421,419,73,79.5288,99.8728,34,3.90000000000001,0.201000000000008,1892,0.4,-3.4,-17,9402,-11449,6347,-319.6,0
2008-07-01,16854.295,-2.1065695211135,0.2,1.49,2.35,1.553,13.31,0.00999999999999979,-6100,-1417,-123,79.1573,99.4194,-47,5,0.158000000000001,-8851,0.02,4.8,-10,8955,-3146,5708,-187.9,0
2008-08-01,NA,NA,0.3,1.51,2.14,-0.325999999999993,-16.03,-0.00999999999999979,4595,-2754,-79,77.8633,97.8491,-87,-6.5,0.10799999999999,-6305,-0.21,1.8,-42,3454,-16877,3916,-68.1000000000004,0
2008-09-01,NA,NA,0,1.66,2.54,0.187000000000012,NA,-0.19,2102,-5555,-24,74.3831,93.5576,-162,-2.09999999999999,0.0900000000000034,1139,NA,7.3,-2,-10475,-10496,-1015,28.3999999999996,0
2008-10-01,16485.35,-8.85336509579417,0.4,2.6,3.12,-1.88200000000001,NA,-0.84,-587,-13779,-43,75.0459,94.4985,-20,-10.5,-0.125,-23333,NA,-12.7,-40,-14517,-3620,-6475,91.5,0
2008-11-01,NA,NA,0.3,3.09,3.34,-3.84200000000001,-34.3,-0.58,15747,-13600,-125,73.9671,93.2617,-281,-9.59999999999999,-0.0390000000000015,-10360,-0.35,-2.3,-4,-16124,-20926,-3341,105.4,0
2008-12-01,NA,NA,0.5,3.38,2.39,-1.755,-14.59,-0.23,1165,-7259,-92,71.7765,90.6266,54,-5.90000000000001,-0.0429999999999922,-7703,-0.42,4.8,-12,-32356,-35894,-4868,-57.1000000000004,0
2009-01-01,16298.262,-4.5654525439609,0.5,3.09,2.39,0.534999999999997,NA,-0.01,4624,4838,-70,69.8882,88.3712,-73,0.299999999999983,-0.027000000000001,-22764,NA,1.1,-41,-17801,-24040,-4701,72.7000000000007,0
2009-02-01,NA,NA,0.500000000000001,2.81,2.57,0.77200000000002,NA,0.07,10565,-1353,92,69.3805,87.843,8,-1.89999999999998,0.0699999999999932,-2251,NA,-4.90000000000001,36,-20811,-3391,-8072,-119.6,0
2009-03-01,NA,NA,0.399999999999999,2.92,2.6,-0.210000000000008,-1.28,-0.04,-1415,-5829,-77,68.2145,86.4689,-64,-1.20000000000002,0.0630000000000024,-2511,0.01,1,-33,-20903,-7915,-8310,0.800000000001091,0
2009-04-01,16269.145,-0.715242887051204,0.300000000000001,3,2.77,0.213999999999999,8.39,-0.03,-280,1605,-27,67.6067,85.7903,154,1,0.195999999999998,1144,-0.06,7.8,-2,-18481,-31311,-6182,77.2999999999993,0
2009-05-01,NA,NA,0.4,2.52,3.11,0.312999999999988,3.72,0.03,4634,2904,62,66.8861,84.9436,318,1.70000000000002,0.0679999999999978,1788,-0.07,3.60000000000001,39,-15335,-12462,-5319,180.1,0
2009-06-01,NA,NA,0.0999999999999996,1.89,3.54,1.768,16.41,0.03,-1313,5627,45,66.6446,84.6746,-108,3.29999999999998,0.113,-2222,-0.02,2.09999999999999,17,-17874,-7490,-5528,-226.9,0
2009-07-01,16326.281,1.40230861885584,0,1.68,3.38,-0.063999999999993,0.72999999999999,-0.05,-6155,634,9,67.4381,85.6853,116,-1.59999999999999,0.0760000000000076,6658,0.04,-4.8,18,-15992,-1092,-5966,-54.5,0
2009-08-01,NA,NA,0.0999999999999996,1.32,3.42,0.718999999999994,2.27000000000001,0,1633,6151,-8,68.2152,86.6393,155,2.5,0.131,3798,0.02,-0.299999999999997,7,-16914,-11326,-4948,-23.9000000000015,0
2009-09-01,NA,NA,0.200000000000001,1.18,3.28,0.415999999999997,-3.48,-0.01,-3573,-8161,-1,68.8533,87.3821,-35,-0.900000000000006,0.155999999999992,552,-0.05,7.8,-32,-6287,-12871,-4630,35.8000000000011,0
2009-10-01,16502.754,4.30045415169786,0.199999999999999,1.14,3.32,0.647999999999996,2.56,-0.03,288,3147,-51,69.0873,87.5809,40,1.09999999999999,0.326999999999998,3056,-0.04,-2.90000000000001,10,8340,-15850,1454,-37.3999999999996,0
2009-11-01,NA,NA,-0.0999999999999996,1.13,3.35,0.725000000000023,7.41,0,-3422,2721,54,69.468,87.9388,181,2.20000000000002,0.078000000000003,-678,-0.04,-3.19999999999999,-21,10395,-12898,6041,31.1999999999989,0
2009-12-01,NA,NA,0,1.11,3.54,0.113,0.310000000000002,0,-1045,1697,-7,69.823,88.2404,-246,0.699999999999989,0.0760000000000076,101,0,5.09999999999999,-23,-2554,-15884,-1526,55.8000000000011,0
2010-01-01,16582.71,1.9333240882716,-0.0999999999999996,0.99,3.67,0.140999999999991,NA,-0.01,1682,-183,33,70.7084,89.1897,244,3.80000000000001,0.131999999999991,20496,NA,1.90000000000001,-7,2387,-20495,202,5.59999999999854,0
2010-02-01,NA,NA,0,0.99,3.58,-0.206999999999994,NA,0.02,-3760,835,-10,71.1021,89.5046,-91,-0.900000000000006,0.078000000000003,-566,NA,-0.800000000000011,-9,8802,-7229,1609,6.20000000000073,0
2010-03-01,NA,NA,0.0999999999999996,1,3.58,0.0720000000000027,4.3,0.03,1233,7395,32,71.7572,90.1356,257,2.30000000000001,0.132999999999996,1698,0.03,0,45,6002,6964,2479,48.2999999999993,0
2010-04-01,16743.162,3.85173992904342,0,0.96,3.69,0.0499999999999829,5.82000000000001,0.04,-1225,3235,51,72.1775,90.4607,95,1.09999999999999,0.0460000000000065,800,0.03,-1.39999999999999,41,4969,7815,1301,106.800000000001,0
2010-05-01,NA,NA,-0.300000000000001,1.09,3.26,-0.113,1.66,0,-592,-3286,-104,73.3305,91.7014,268,0.400000000000006,0.0990000000000038,6984,0.01,1.39999999999999,-142,4194,-6217,1835,93.1999999999989,0
2010-06-01,NA,NA,-0.199999999999999,1.35,3.08,-0.0909999999999798,-13.49,-0.02,-5228,-421,-47,73.6492,91.9033,-657,-1.30000000000001,0.0429999999999922,-4265,-0.01,2.40000000000001,25,9819,-1504,2237,4,0
2010-07-01,16872.266,3.07250908200132,0,1.29,2.85,0.405999999999977,0.25,0,5707,1070,10,74.0764,92.2549,40,0.599999999999994,0.00200000000000955,1839,0.01,-8.2,-22,12245,-22249,5157,9.90000000000146,0
2010-08-01,NA,NA,0.0999999999999996,1.17,2.54,0.318000000000012,8.3,0.01,-4010,1731,53,74.479,92.5936,95,0.800000000000011,0.0859999999999985,4239,-0.01,1.10000000000001,-1,11926,2336,5383,37.1999999999989,0
2010-09-01,NA,NA,0,1.13,2.5,0.352000000000004,-7.28,0,1286,2911,-5,74.8001,92.8533,-75,0,0.0510000000000019,10187,-0.03,-0.700000000000003,35,15065,5698,6094,-1.5,0
2010-10-01,16960.864,2.09494545778028,-0.0999999999999996,1.04,2.41,0.759999999999991,7.59999999999999,0,3687,4110,-51,74.6921,92.6033,353,1.69999999999999,0.137,-8866,0.03,-0.5,-26,16568,-6356,8425,2.60000000000036,0
2010-11-01,NA,NA,0.4,1.05,2.62,0.555000000000007,1.37,0,1907,3582,2,74.8191,92.6686,-151,1.09999999999999,0.11699999999999,4136,-0.03,3.89999999999999,-4,11049,2779,3509,12.6000000000004,0
2010-12-01,NA,NA,-0.5,1.08,3.15,0.882000000000005,3.81,-0.01,-2982,2088,-6,75.6199,93.5916,-47,2,0.0190000000000055,-3750,0.03,2.90000000000001,39,15848,-14756,6969,75.5,0
2011-01-01,16920.632,-0.949946694419879,-0.200000000000001,1.05,3.24,0.715000000000003,4.84,-0.00999999999999998,-6402,2702,91,75.4919,93.3889,-74,3,0.192999999999998,10184,-0.01,-0.299999999999997,-19,12032,-29431,3616,59.5,0
2011-02-01,NA,NA,-0.0999999999999996,0.930000000000001,3.45,0.710999999999984,-2.05,-0.01,3370,3176,-113,75.1957,93.0045,212,3.10000000000002,0.158000000000001,-7243,0,3.3,-37,9828,-1588,5468,36.5,0
2011-03-01,NA,NA,0,0.9,3.31,1.148,10.09,-0.02,441,3489,83,75.9692,93.9684,7,3.39999999999998,0.137,16355,-0.00999999999999998,-10,30,16791,10781,4828,-33.8999999999996,0
2011-04-01,17035.114,2.69721498746662,0.0999999999999996,0.859999999999999,3.4,1.047,7.92,-0.04,1627,1829,-46,75.6918,93.6571,89,3.90000000000001,0.207999999999998,-12015,-0.07,2.3,10,13641,280,2570,-21.4000000000015,0
2011-05-01,NA,NA,-0.0999999999999996,0.82,3.13,0.713000000000022,5.48,-0.01,-5040,-311,7,75.7389,93.7723,-208,1,0.215999999999994,6437,-0.02,4.5,-5,18079,5814,9932,-16,0
2011-06-01,NA,NA,0.0999999999999996,0.76,2.96,0,-12.73,0,-2157,3118,47,75.8967,94.0493,120,-0.199999999999989,0.100000000000009,-5591,0,-2.8,-4,6341,19588,4715,51.6000000000004,0
2011-07-01,17031.313,-0.0892609023139812,-0.0999999999999996,0.83,2.96,0.588999999999999,-5.48999999999999,-0.02,3812,-305,15,76.1727,94.4958,-165,0.699999999999989,0.134999999999991,4879,-0.03,-7.8,-5,7307,-2458,3477,48.7000000000007,0
2011-08-01,NA,NA,0,0.99,2.28,0.710999999999984,0.170000000000002,0.03,1018,854,-38,76.557,95.0974,70,-1.40000000000001,0.182000000000002,10247,0.08,-7.90000000000001,3,7508,19572,1854,-5.89999999999964,0
2011-09-01,NA,NA,0,1.18,1.97,0.491000000000014,-6.05,-0.02,1575,3876,65,76.3854,95.0244,87,0.5,0.0619999999999976,-11967,-0.08,3.7,5,-5326,1707,-3658,-18,0
2011-10-01,17222.583,4.46715872458583,-0.199999999999999,1.39,2.13,0.152999999999992,-11.59,-0.01,-2032,2286,-40,76.7959,95.6891,-10,-2.59999999999999,0.0440000000000111,6061,0,1.3,12,14160,-5282,4716,10.1999999999989,0
2011-11-01,NA,NA,-0.200000000000001,1.27,2,0.419000000000011,14.85,0.01,-1951,1421,101,76.6551,95.6778,-72,0.300000000000011,0.194000000000003,4732,-0.01,2.90000000000001,12,7172,3672,1249,-9.19999999999891,0
2011-12-01,NA,NA,-0.0999999999999996,1.32,1.97,0.054000000000002,8.01000000000001,-0.01,-2013,236,-17,76.9204,96.1809,61,-1.59999999999999,0.151999999999987,8304,0,6.2,13,9267,9317,6868,115.799999999999,0
2012-01-01,17367.01,3.34037672751606,-0.199999999999999,1.38,1.94,0.619,NA,0.01,-653,3959,29,77.2407,96.7595,159,0.899999999999977,0.275000000000006,2105,NA,5.09999999999999,-6,7094,9243,1766,69,0
2012-02-01,NA,NA,0,1.29,1.88,0.486999999999995,NA,0.02,7346,4831,-19,77.3425,97.0662,-94,0.900000000000006,0.129000000000005,971,NA,0.299999999999997,31,12598,-6242,6745,62.1000000000004,0
2012-03-01,NA,NA,-0.100000000000001,1.24,2.09,0.47799999999998,11.13,0.03,-6969,1269,-9,76.798,96.5609,-23,2.59999999999999,0.156999999999996,-5110,0.02,0.900000000000006,-12,6264,4920,1584,36.7999999999993,0
2012-04-01,17444.525,1.78136650652903,0,1.23,1.97,0.380000000000024,-3.51000000000001,0.01,2907,-1597,58,77.2057,97.251,-163,-0.5,0.140000000000001,-3120,0,0.200000000000003,0,7963,12452,3806,50.1000000000004,0
2012-05-01,NA,NA,0,1.27,1.71,-0.474000000000018,0.920000000000002,0.02,1736,-792,-45,77.233,97.4595,31,-1.79999999999998,0.0939999999999941,1084,0.01,2.89999999999999,16,4786,9188,835,-4,0
2012-06-01,NA,NA,0,1.38,1.53,-0.188999999999993,-23,0,2165,-3585,49,77.1126,97.4768,-29,-2.09999999999999,0.0949999999999989,-2113,-0.02,-6.09999999999999,-10,5610,7081,2816,-15.2999999999993,0
2012-07-01,17469.65,0.575697505944817,0,1.47,1.43,0.0660000000000025,0.549999999999997,0,535,1812,-17,77.1378,97.6714,66,0.299999999999983,0.0960000000000036,5096,0.03,-0.900000000000006,9,13421,925,6022,-97.4000000000015,0
2012-08-01,NA,NA,-0.0999999999999996,1.43,1.58,1.328,5.27,-0.03,-1624,4804,14,76.6993,97.2734,36,2.59999999999999,0.0589999999999975,-22785,0,2,6,6673,3792,2186,-38.1999999999989,0
2012-09-01,NA,NA,-0.3,1.35,1.61,1.09699999999998,NA,0.01,5236,3146,93,76.5385,97.2217,-2,1.70000000000002,0.114000000000004,17127,NA,4,10,13051,3862,5808,91.5,0
2012-10-01,17489.852,0.462294966300192,0,1.11,1.65,0.623000000000019,NA,0.02,-2673,80,68,76.6654,97.5311,-28,-0.900000000000006,0.225999999999999,1432,NA,4.3,-27,491,8778,-760,88.8999999999996,0
2012-11-01,NA,NA,-0.0999999999999996,1.01,1.56,-0.38900000000001,-5.39,0,-3865,1871,-82,76.849,97.9084,6,-1.69999999999999,0.0999999999999943,-1076,0,0.100000000000009,34,6396,-3314,4944,173.700000000001,0
2012-12-01,NA,NA,0.2,0.98,1.65,-0.0279999999999916,1.64,0,8998,1357,143,76.9607,98.1884,92,-0.300000000000011,0.0690000000000026,13368,0.01,-9.8,7,6504,-243,944,327,0
2013-01-01,17662.4,3.92690370620628,0.0999999999999996,0.930000000000001,1.84,0.457999999999998,NA,-0.02,-3801,3450,-88,76.8466,98.1736,-66,1,0.189000000000007,-7747,NA,0.899999999999991,47,12341,-9087,4297,-797.200000000001,0
2013-02-01,NA,NA,-0.3,0.95,1.88,1.25800000000001,NA,0.00999999999999998,-869,4898,74,77.1172,98.6434,105,1.80000000000001,0.102000000000004,11533,NA,3.8,1,2113,10861,-1194,-31.6000000000004,0
2013-03-01,NA,NA,-0.2,0.919999999999999,1.87,-0.655000000000001,-6.75,-0.00999999999999998,6690,-2989,48,77.3418,99.047,-144,-0.300000000000011,0.0859999999999985,-17435,0.05,1,-3,-216,-9073,647,38.2000000000007,0
2013-04-01,17709.671,1.06911530605487,0.0999999999999996,0.86,1.7,-0.485000000000014,6.39,0.00999999999999998,-4173,-2254,-175,77.1785,98.9445,40,-0.5,0.0459999999999923,9573,-0.03,-2.19999999999999,-3,3881,15218,2021,41.2999999999993,0
2013-05-01,NA,NA,-0.0999999999999996,0.84,1.89,0.0960000000000036,-6.36,-0.04,-3214,2555,95,77.1749,99.0383,38,0.599999999999994,0.109999999999999,9979,-0.02,8.09999999999999,-13,-3937,9024,-3188,60.8000000000011,0
2013-06-01,NA,NA,0,0.920000000000001,2.25,0.551999999999992,2.67,-0.02,7275,1117,-91,77.2476,99.2221,-38,0.200000000000017,0.162000000000006,10470,-0.01,-0.400000000000006,42,2861,10543,257,1.5,0
2013-07-01,17860.45,3.39115862099888,-0.2,0.98,2.54,0.455000000000013,4.53,0,-1930,2668,41,76.9323,98.8987,-72,0.0999999999999943,0.11999999999999,-26821,-0.01,1,-95,4742,18461,1434,-13.9000000000015,0
2013-08-01,NA,NA,-0.0999999999999996,0.88,2.7,0.555999999999983,9.99000000000001,-0.01,-261,-733,37,77.3333,99.4897,143,-0.200000000000017,0.102000000000004,4334,0,-3,6,8624,11305,4233,27.8000000000011,0
2013-09-01,NA,NA,0,0.83,2.79,0.0880000000000223,NA,0,-3300,277,-67,77.6904,100.021,-80,-0.299999999999983,0.112000000000009,12981,NA,-4.59999999999999,22,9465,9060,3178,57.8999999999996,0
2013-10-01,18016.147,3.47185609530527,0,0.779999999999999,2.57,0.125,NA,0.01,3632,1593,75,77.5455,99.9037,45,-1.40000000000001,0.159999999999997,-5568,NA,-4.3,41,9943,13093,5718,-52.8999999999996,0
2013-11-01,NA,NA,-0.3,0.75,2.65,0.430999999999983,-7.53,-0.01,2302,1266,175,77.6904,100.1582,55,-1.30000000000001,0.156999999999996,11149,0.02,1.89999999999999,2,10320,12908,4607,24.2999999999993,0
2013-12-01,NA,NA,-0.2,0.76,2.83,0.619,-0.950000000000003,0.01,347,2281,-98,77.8052,100.374,-218,0.800000000000011,0.100999999999999,-5290,0.01,7.40000000000001,-13,8954,15089,2713,20.2000000000007,0
2014-01-01,17953.974,-1.38277125986406,-0.100000000000001,0.7,2.82,0.569000000000017,NA,-0.02,-3797,-3779,-114,77.4541,99.9899,131,1.80000000000001,0.102999999999994,-13562,NA,-1.3,10,5744,7376,3283,60.3999999999996,0
2014-02-01,NA,NA,0.100000000000001,0.649999999999999,2.66,0.258999999999986,NA,0,-2686,5778,56,77.9861,100.7471,-37,1.89999999999998,0.0450000000000017,7324,NA,0.399999999999991,-23,9619,951,3624,68.5,0
2014-03-01,NA,NA,0,0.68,2.67,0.480999999999995,8.90000000000001,0.01,-2821,4339,26,78.7,101.7435,122,1.30000000000001,0.141000000000005,4023,0,-1.59999999999999,-15,7906,3619,5071,71.8999999999996,0
2014-04-01,18185.911,5.13427609165973,-0.5,0.66,2.68,0.439999999999998,-5.65000000000001,0.01,-795,4398,73,78.7032,101.8273,39,1.30000000000001,0.162999999999997,1850,-0.01,4.09999999999999,-2,6974,15744,4735,50.3000000000011,0
2014-05-01,NA,NA,0.0999999999999996,0.6,2.53,0.450000000000017,0,0,4160,718,-36,78.9551,102.2392,-97,-0.300000000000011,0.161000000000001,-3268,-0.01,-2.19999999999999,48,8173,246,1246,42.6999999999989,0
2014-06-01,NA,NA,-0.2,0.55,2.56,0.312999999999988,3.38,0.01,680,1190,-96,79.1445,102.5774,122,0.300000000000011,0.108000000000004,3871,0.01,0.599999999999994,-33,3663,-723,1825,47.5,0
2014-07-01,18406.941,4.83225933031264,0.100000000000001,0.57,2.51,0.266999999999996,2.99000000000001,-0.01,-40,712,174,79.236,102.7954,-113,-0.300000000000011,0.165999999999997,61659,-0.02,-0.700000000000003,-16,5459,8511,532,26.3999999999996,0
2014-08-01,NA,NA,-0.100000000000001,0.61,2.39,-0.0379999999999825,-8.2,0,2000,3368,-101,79.0306,102.6322,-28,-1,0.0370000000000061,-63820,0.01,0.700000000000003,54,6015,161,4105,59.1000000000004,0
2014-09-01,NA,NA,-0.199999999999999,0.69,2.51,0.0169999999999959,NA,0,-4737,-1059,39,79.1927,102.9417,98,-0.599999999999994,0.128,229,NA,2.09999999999999,14,2046,6794,1438,40.3999999999996,0
2014-10-01,18500.031,2.01783440617334,-0.2,0.77,2.28,-0.046999999999997,NA,0,605,1636,51,79.1358,102.9611,-60,-3,0.0829999999999984,-3236,NA,2.30000000000001,6,3752,24512,3818,64.4000000000015,0
2014-11-01,NA,NA,0.0999999999999996,0.87,2.31,-0.447000000000003,-11.97,0,1259,1154,-73,79.5592,103.5978,59,-2.5,0.0849999999999937,-5743,0,1.89999999999999,-34,5468,-1509,4460,73.6999999999989,0
2014-12-01,NA,NA,-0.2,0.95,2.18,-0.730999999999995,-9.78999999999999,0.03,-3030,-2740,72,79.5137,103.6151,-19,-3.90000000000001,0.0679999999999978,-2210,0.01,4.8,55,-2356,11536,1030,94.7000000000007,0
2015-01-01,18666.621,3.58581915076996,0.100000000000001,0.99,1.85,-1.505,NA,-0.01,3973,-2384,12,78.8301,102.7923,-70,-5,-0.0349999999999966,1411,NA,4.5,18,-61,4812,797,78.6000000000004,0
2015-02-01,NA,NA,-0.2,0.9,1.96,0.594999999999999,NA,0,4962,-675,-199,78.2911,102.1366,55,-0.900000000000006,0.109999999999999,-8647,NA,-2.69999999999999,25,5946,11654,3294,50.2999999999993,0
2015-03-01,NA,NA,-0.0999999999999996,0.9,2.01,0.633999999999986,0.340000000000003,0,-14829,6445,74,77.9964,101.7869,-163,0.400000000000006,0.146000000000001,11967,0,-2.40000000000001,-60,3015,13853,2134,-36.7000000000007,0
2015-04-01,18782.243,2.46997863301459,0,0.96,1.92,0.246000000000009,0.529999999999994,0.01,8896,1072,230,77.5449,101.2255,177,-0.599999999999994,0.177999999999997,-3603,0.01,2.90000000000001,22,5999,28871,818,30.7000000000007,0
2015-05-01,NA,NA,0.199999999999999,0.91,2.18,0.778999999999996,8.98,0,1334,3147,-111,77.1821,100.7675,69,2.5,0.118000000000009,-8362,-0.02,-5.2,0,4553,19814,3259,23.6000000000004,0
2015-06-01,NA,NA,-0.3,0.94,2.34,0.656000000000006,1.14,0.01,-3923,458,126,76.9429,100.4588,-171,1.40000000000001,0.116,11877,0.01,5.39999999999999,-22,11302,22760,4777,8.5,0
2015-07-01,18857.418,1.59778484627608,-0.0999999999999996,1.05,2.29,0.376999999999981,-3.3,0,2085,3571,-59,77.4307,101.0893,111,-0.900000000000006,0.0959999999999894,-2005,-0.01,-3,26,348,-3632,-1102,31.6000000000004,0
2015-08-01,NA,NA,-0.100000000000001,1.15,2.1,-0.00100000000000477,-11.69,0.01,-3865,25,-16,77.308,100.9165,-148,-2,0.078000000000003,-4899,0.07,-1.19999999999999,12,2660,9816,1282,30.0999999999985,0
2015-09-01,NA,NA,-0.0999999999999996,1.27,2.15,-0.534999999999997,0.130000000000003,0,2564,-2078,94,77.1039,100.633,16,-2.80000000000001,0.140000000000001,-5010,-0.05,-4.7,-62,3742,-440,1537,36.4000000000015,0
2015-10-01,18892.206,0.737236690842025,0,1.39,2.05,0.235000000000014,-0.630000000000003,-0.02,768,-1185,-166,76.752,100.1563,154,-1.59999999999999,0.0319999999999965,8595,-0.05,2.8,26,2779,-12404,-543,24.6999999999989,0
2015-11-01,NA,NA,0.0999999999999996,1.4,2.13,0.283999999999992,1.37,0,422,1833,114,76.2118,99.4366,-75,-1.80000000000001,0.103999999999999,-4013,0.1,1.3,22,-3510,-6023,-2346,-3.5,0
2015-12-01,NA,NA,-0.0999999999999996,1.49,2.01,-0.256,-5.54,0.12,-552,1860,-26,75.845,98.9471,40,-2.19999999999999,0.0640000000000072,-4373,0.13,1.3,42,-3556,10844,-2449,66.8000000000011,0
2016-01-01,19001.69,2.3113866073885,-0.2,1.45,1.83,-0.109000000000009,NA,0.1,959,-3222,-54,76.2263,99.4391,-136,-0.900000000000006,0.170999999999992,11176,NA,-0.599999999999994,-41,-27,4634,24,60.8999999999996,0
2016-02-01,NA,NA,0.100000000000001,1.38,1.47,-0.315999999999974,NA,0.04,-3262,4522,133,75.8298,98.9232,64,-1.29999999999998,0.169000000000011,-11980,NA,-0.299999999999997,12,-4743,11863,-3918,14.1999999999989,0
2016-03-01,NA,NA,0.0999999999999996,1.31,1.59,0.744,2.77,-0.02,6505,-1436,-114,75.2411,98.1635,58,0.799999999999983,0.140000000000001,1645,-0.02,-0.700000000000003,15,6024,15925,1177,0.100000000000364,0
2016-04-01,19062.709,1.28243826506917,0.0999999999999996,1.17,1.58,0.911999999999978,0.969999999999999,0.01,-1247,1776,52,75.4701,98.4775,-62,1.09999999999999,0.241,11413,-0.1,-2,44,5485,-2874,5580,-29.1999999999989,0
2016-05-01,NA,NA,-0.3,1.03,1.53,0.564999999999998,9.39,0,-984,1660,-15,75.2833,98.2549,-148,2.10000000000002,0.167000000000002,-7520,-0.01,5.7,-5,5140,4783,2245,-10.7000000000007,0
2016-06-01,NA,NA,0.100000000000001,1.03,1.37,0.66500000000002,4.32,0.01,-2687,4813,55,75.6283,98.7315,201,2.29999999999998,0.10199999999999,-15331,0.08,-1.2,-14,829,26919,-48,9.39999999999964,0
2016-07-01,19197.938,2.82754367644173,-0.100000000000001,0.94,1.2,-0.121000000000009,-0.0499999999999972,0.01,1788,-817,36,75.6916,98.8452,128,0.0999999999999943,0.143000000000001,8285,-0.03,-3.5,71,1372,-3072,-631,55.2000000000007,0
2016-08-01,NA,NA,0.100000000000001,0.92,1.26,0.443999999999988,-8.97000000000001,0.01,-215,481,-68,75.5879,98.7427,-232,-1.09999999999999,0.174000000000007,2336,0.02,-0.200000000000003,-53,121,6718,-1243,16.6000000000004,0
2016-09-01,NA,NA,0.0999999999999996,0.899999999999999,1.34,0.631,3.12,0,3142,3025,-103,75.4977,98.6552,163,0.300000000000011,0.131,-1130,0.04,1.40000000000001,-17,3022,11188,1804,32.3999999999996,0
2016-10-01,19304.352,2.21107411448429,-0.0999999999999996,0.87,1.43,0.565000000000026,5.63,0,-1551,962,245,75.5318,98.7237,-206,-0.200000000000017,0.126999999999995,16724,-0.01,-4,17,1526,8662,1380,26.2999999999993,0
2016-11-01,NA,NA,-0.2,0.85,1.69,0.284999999999997,-2.14,0.00999999999999995,-5341,-131,-173,75.2309,98.3443,18,-0.399999999999977,0.0439999999999969,-18338,0.03,6.59999999999999,-4,11622,23781,4478,38.2000000000007,0
2016-12-01,NA,NA,0,0.77,1.98,0.61099999999999,4.42,0.13,2920,5621,112,75.7622,99.0406,108,1.89999999999998,0.115000000000009,3863,0.12,4.40000000000001,-10,4066,5562,3624,40.1000000000004,0
2017-01-01,19398.343,1.94283493241443,0,0.74,1.91,0.980999999999995,NA,0.11,-2580,5167,-62,75.5995,98.8158,-5,2.5,0.265000000000001,568,NA,0.299999999999997,12,4060,-14418,-417,60,0
2017-02-01,NA,NA,-0.100000000000001,0.69,1.89,0.388000000000005,NA,0.01,3771,-74,81,75.3306,98.4356,0,0.900000000000006,0.176000000000002,2185,NA,-2.2,14,2961,21302,1190,43.0999999999985,0
2017-03-01,NA,NA,-0.199999999999999,0.67,1.73,-0.114000000000004,-0.0799999999999983,0.13,-1339,-796,-81,75.8344,99.0492,-99,-0.0999999999999943,-0.0420000000000016,1209,0.12,0.600000000000009,45,3308,-2861,1195,59.5,0
2017-04-01,19506.949,2.23324440519121,0,0.7,1.49,0.301000000000016,-3.57,0.11,-3103,1837,-44,76.6403,100.0416,84,1.5,0.203999999999994,1938,0.16,0.0999999999999943,-34,-1536,-6237,-2252,33,0
2017-05-01,NA,NA,0,0.7,1.4,-0.189000000000021,-1.42,0.01,242,-2356,11,76.764,100.128,1,-0.199999999999989,0.0799999999999983,-2634,0.0399999999999999,0.0999999999999943,37,4129,13890,3351,101.400000000001,0
2017-06-01,NA,NA,-0.100000000000001,0.69,1.19,0.15900000000002,-0.509999999999998,0.13,1406,1916,92,76.9926,100.337,-3,0.799999999999983,0.134,14209,0.14,-2.09999999999999,-16,8585,-4677,5073,8,0
2017-07-01,19660.766,3.14172610273928,0,0.69,1.23,0.0799999999999841,NA,0.11,-1275,6,-43,76.878,100.0865,-14,-0.0999999999999943,0.0730000000000075,-18825,0.0800000000000001,-1.59999999999999,-47,6959,-1822,2999,41.5,0
2017-08-01,NA,NA,0.100000000000001,0.68,1.18,0.939999999999998,NA,0.01,2463,897,-47,76.6139,99.6323,-42,0.300000000000011,0.10799999999999,4475,0.02,3.39999999999999,-16,10706,-1577,4062,18.0999999999985,0
2017-09-01,NA,NA,-0.100000000000001,0.67,1.15,1.25200000000001,-1.87,-0.01,-202,9714,22,76.7906,99.7482,-59,1,0.122,5877,-0.0600000000000001,-1.7,81,3434,5983,3611,27.7000000000007,0
2017-10-01,19882.352,4.48297110775755,-0.0999999999999996,0.72,1.27,0.191000000000003,3.27,0,-1255,685,76,77.8346,100.9893,55,0.0999999999999943,0.246000000000009,-123,0,5.60000000000001,-11,932,3864,-2096,42.6000000000004,0
2017-11-01,NA,NA,0,0.7,1.1,0.657999999999987,3.73,0.01,-2615,5165,16,78.1204,101.2493,80,1,0.0489999999999924,1750,0.16,-2.2,85,8961,25410,3548,22.5,0
2017-12-01,NA,NA,-0.100000000000001,0.71,1.06,0.521000000000015,4.03,0.14,-1072,2566,-96,78.3837,101.4871,-73,0.400000000000006,0.14800000000001,10419,0.0900000000000001,-2.59999999999999,-81,7543,5055,935,26.7999999999993,0
2018-01-01,20044.077,3.24047781966783,-0.0999999999999996,0.71,1.15,1.054,NA,0.11,-537,-2153,122,78.4548,101.4852,-13,1.59999999999999,0.323999999999998,-13138,NA,-0.200000000000003,-40,8673,22465,5716,88.7000000000007,0
2018-02-01,NA,NA,0.0999999999999996,0.69,1.27,0.669999999999987,NA,0.01,-1721,2908,-22,78.7047,101.7319,257,1.40000000000001,0.190999999999988,8362,NA,4,28,9784,19565,4772,34.5,0
2018-03-01,NA,NA,-0.0999999999999996,0.77,1.11,0.0480000000000018,-4.94,0.0900000000000001,5285,-312,41,79.1096,102.1943,-168,0,0.221000000000004,7693,0.14,1.7,61,-1031,-9626,1585,53.6999999999989,0
2018-04-01,20150.476,2.11768492150739,0,0.82,1.08,0.650000000000006,2.07,0.18,-2621,1476,-42,80.0436,103.3551,-84,1,0.183000000000007,-951,0.14,-2.60000000000001,-37,4485,8301,-411,32.4000000000015,0
2018-05-01,NA,NA,-0.2,0.83,1.08,0.564999999999998,4.23,0.01,4708,6432,81,79.3092,102.381,176,2.89999999999998,0.177999999999997,-872,0.0800000000000001,-0.799999999999997,20,2869,6019,122,50.5999999999985,0
2018-06-01,NA,NA,0.2,0.87,0.97,0.225999999999999,-1.47,0.12,-3390,-1712,-165,79.9674,103.2256,-99,1,0.0919999999999987,-916,0.0599999999999998,0.200000000000003,-26,2706,-18126,462,61.5,0
2018-07-01,20276.154,2.48704193009033,-0.2,0.92,0.9,0.195999999999998,8.08,0.0899999999999999,-4862,3037,16,80.0561,103.3561,-158,0.100000000000023,0.134,-7133,0.0700000000000001,-0.299999999999997,-8,11945,-5744,2551,65.4000000000015,0
2018-08-01,NA,NA,0,0.89,0.82,0.449000000000012,-5.09,0,115,-293,80,80.5741,104.0585,198,-0.900000000000006,0.0100000000000051,10393,0.04,-1.7,-35,10643,2914,6304,53.8999999999996,0
2018-09-01,NA,NA,-0.0999999999999996,0.9,0.83,0.518999999999977,NA,0.04,-1005,-1929,-38,80.5711,104.1038,-180,0.199999999999989,0.188999999999993,1035,NA,3.89999999999999,2,10833,-14801,4269,-1.10000000000036,0
2018-10-01,20304.874,0.566175993273532,0.0999999999999996,0.930000000000001,0.86,0.590000000000003,NA,0.24,-1890,5589,-29,80.3884,103.9297,89,1,0.161000000000001,-8619,NA,-1.5,-41,9936,-14985,4250,36.6000000000004,0
2018-11-01,NA,NA,0,1,0.75,-0.177999999999997,-11.7,0.0100000000000002,3052,1656,-40,80.3962,104.0126,-77,-2.29999999999998,0.189999999999998,-3432,0.0800000000000001,-1.09999999999999,71,-613,-9137,1770,41.1000000000004,0
2018-12-01,NA,NA,0.1,1.11,0.42,0.173000000000002,-10.69,0.0699999999999998,-5811,-10305,-86,80.358,104.0451,101,-1.30000000000001,0.179000000000002,6802,0.0699999999999998,0.799999999999997,-79,14459,-9632,7069,191.299999999999,0
2019-01-01,20431.641,2.48950916290696,0.1,1.19,0.29,-0.205999999999989,NA,0.13,6297,3235,131,79.7599,103.3598,58,-1.90000000000001,0.135000000000005,-6589,NA,-7.09999999999999,49,14397,2985,5772,29.7999999999993,0
2019-02-01,NA,NA,-0.2,1.16,0.24,0.757999999999981,NA,0,1300,720,-105,79.2768,102.8251,-244,0.0999999999999943,0.0929999999999893,-5184,NA,2.59999999999999,53,6538,17610,3001,24.1000000000004,0
2019-03-01,NA,NA,0,1.07,0.12,0.957999999999998,0.469999999999999,0.0100000000000002,-482,8016,70,79.2123,102.8361,224,1.60000000000002,0.0950000000000131,9403,0.04,4.60000000000001,70,22,10423,-1189,6.10000000000036,0
2019-04-01,20602.275,3.32671117315826,-0.0999999999999996,1.01,0.1,0.956000000000017,5.83000000000001,0.00999999999999979,-1495,620,81,78.7037,102.2748,68,1.29999999999998,0.206999999999994,-8302,-0.0100000000000002,-1.2,-16,10406,30567,6665,-32.2999999999993,0
2019-05-01,NA,NA,-0.1,0.96,0,0.0629999999999882,1.95999999999999,-0.0299999999999998,-1252,3366,21,78.7358,102.4176,-270,-0.400000000000006,0.105999999999995,-8329,0,2.8,-84,3803,11012,1287,-1.80000000000109,0
2019-06-01,NA,NA,0,1.04,-0.15,-0.0829999999999984,-10.3,-0.0100000000000002,2276,786,-50,78.7532,102.5425,190,-1.39999999999998,0.189000000000007,-1046,-0.0800000000000001,-1.8,111,2091,20134,383,29.7000000000007,0
2019-07-01,20843.322,4.65284103236385,0.1,0.99,-0.08,0.588999999999999,5.66,0.02,108,4558,-3,78.2629,102.0057,-121,0.399999999999977,0.117999999999995,5310,-0.14,0.200000000000003,-81,6919,27862,-216,19.2999999999993,0
2019-08-01,NA,NA,-0.1,0.89,-0.36,0.234000000000009,-5.27,-0.27,-313,3074,135,78.7796,102.7814,138,-1.5,0.119,2206,-0.13,-8.60000000000001,64,719,14554,-336,82.8999999999996,0
2019-09-01,NA,NA,-0.1,0.88,-0.23,0.394000000000005,NA,-0.0899999999999999,4294,-3160,-64,78.4615,102.4601,-41,-0.799999999999983,0.0760000000000076,-5513,NA,3.40000000000001,0,-1772,12344,-3903,33.2000000000007,0
2019-10-01,20985.448,2.71825438722146,0.1,0.91,0.03,0.724999999999966,NA,-0.21,3202,1607,14,77.7295,101.5878,-99,0.199999999999989,0.155000000000001,456,NA,2.3,10,607,1733,-2295,20.6000000000004,0
2019-11-01,NA,NA,0,0.88,0.24,0.724000000000046,2.44,-0.28,2444,3325,28,78.1046,102.1494,113,0.400000000000006,0.063999999999993,-7992,-0.29,1.3,-9,-790,22061,3,48.7999999999993,0
2019-12-01,NA,NA,0,0.87,0.29,0.750999999999976,-0.0700000000000003,0,-5110,1834,195,77.9031,101.9421,-81,0,0.230000000000004,2662,0.0800000000000001,2.5,-13,-2098,5172,-434,-83.1000000000004,0
2020-01-01,20693.238,-5.60890596100734,0,0.83,0.21,0.497000000000014,NA,0,161,457,30,77.4105,101.3372,109,0.300000000000011,0.165999999999997,12569,NA,0.5,-10,-6555,22519,-4895,173.5,0
2020-02-01,NA,NA,-0.1,0.83,-0.04,0.12299999999999,NA,0.03,2910,-31,-41,77.6537,101.6718,25,-2.60000000000002,0.195999999999998,7082,NA,1.2,17,-11587,7801,-5626,59.5,0
2020-03-01,NA,NA,0.9,1.27,0.57,-1.17399999999998,-3.28,-0.93,-2852,-47704,-285,74.5527,97.606,-1658,-3.59999999999999,-0.0879999999999939,-34940,-0.44,-11.9,-86,-8806,7259,-6894,-211.9,0
2020-04-01,19056.617,-32.9570359580522,10.4,1.7,0.52,-2.04400000000004,-26.5,-0.6,-9392,-69364,-321,64.6982,84.6812,-19074,-7.59999999999999,-0.340000000000003,-40194,-1.01,-17.3,-42,-27898,-46355,-854,2325.3,1
2020-05-01,NA,NA,-1.6,1.45,0.54,-0.22999999999999,-0.560000000000002,0,-1816,76666,122,65.7487,86.0108,23087,3.09999999999999,0.114000000000004,19164,0.03,0.5,130,-47285,-6969,-7856,-915.799999999999,1
2020-06-01,NA,NA,-2.2,1.2,0.57,1.23999999999998,15.77,0.03,5530,41992,201,70.134,91.6745,2015,2.59999999999999,0.161000000000001,16049,0.02,5.8,187,-23358,8981,-7961,-66.9000000000015,1
2020-07-01,20548.793,30.1551256327009,-0.800000000000001,1.17,0.49,1.31,4.39,0.01,-10344,8674,269,72.7591,95.0037,-3047,1.80000000000001,0.369,22538,0,-5.59999999999999,87,5196,12299,785,148.299999999999,1
2020-08-01,NA,NA,-1.8,1.02,0.55,0.963999999999999,0.949999999999996,0.01,-2390,4779,-122,73.5674,95.9294,-20,1.30000000000001,0.334999999999994,4289,-0.04,1.59999999999999,39,11222,17849,3501,-671,1
2020-09-01,NA,NA,-0.600000000000001,1.05,0.57,0.68100000000004,1.93,-0.01,3954,10708,62,73.6543,95.8914,-613,1.19999999999999,0.159999999999997,757,0.02,6.30000000000001,-43,13523,19011,4494,91.7000000000007,1
2020-10-01,20771.691,4.31553826119497,-0.899999999999999,1.09,0.69,0.322000000000003,-4.25,0,-2893,-1860,80,74.2728,96.5256,-260,1,0.0750000000000028,7206,-0.03,1.39999999999999,52,19915,23951,8217,-63.5999999999985,0
2020-11-01,NA,NA,-0.2,1,0.78,0.591999999999985,-1.91,0,-3628,-4850,10,74.7456,96.9529,-421,1.80000000000001,0.108000000000004,566,0,-4.89999999999999,-154,12663,17595,586,-202.300000000001,0
2020-12-01,NA,NA,0,0.9,0.84,1.13400000000001,7.94,0,2681,4879,82,75.8651,98.2039,-453,2.19999999999999,0.325999999999993,2470,0,3.8,1,12057,21825,2709,40.6000000000004,0
2021-01-01,21058.379,5.48299324242052,-0.3,0.79,1,0.593999999999994,NA,0,-757,21210,4,76.5008,98.8135,548,4.30000000000001,0.340000000000003,10974,NA,-1.7,18,17845,27595,9463,1755.3,0
2021-02-01,NA,NA,-0.2,0.72,1.22,0.933999999999969,NA,-0.01,-3620,-15021,-232,74.0987,95.5072,144,5.79999999999998,0.233000000000004,1640,NA,-2.2,-122,16016,-21200,6105,-1512.6,0
2021-03-01,NA,NA,-0.100000000000001,0.7,1.58,1.274,6.99,-0.01,294,60859,261,76.3455,98.1929,315,4.40000000000001,0.420999999999992,2446,-0.02,8.10000000000001,87,704,30682,5934,3811.9,0
2021-04-01,21389.005,6.23138870606965,0,0.7,1.61,1.77800000000002,0.869999999999997,0,-424,6357,-176,76.6187,98.3317,-459,2.90000000000001,0.65100000000001,-1740,-0.03,3.39999999999999,-24,4032,6336,5189,-3110.4,0
2021-05-01,NA,NA,-0.3,0.66,1.6,1.779,3.05,-0.01,-92,-7162,115,77.4469,99.1867,56,7,0.553999999999988,859,0.02,-5.39999999999999,-111,16077,12863,9732,-499.100000000002,0
2021-06-01,NA,NA,0.100000000000001,0.65,1.48,2.30599999999998,3.34,0.02,-4867,6582,31,77.9619,99.6483,375,4,0.492000000000004,1046,-0.02,2.59999999999999,-37,16794,9647,7294,-78.5,0
2021-07-01,21571.421,3.39693272714356,-0.5,0.67,1.27,1.255,7.53,0.02,1537,-9478,-38,78.4327,100.0668,135,2.94999999999999,0.466999999999999,4465,0.03,-4.3,38,27413,21744,7915,110,0
2021-08-01,NA,NA,-0.300000000000001,0.69,1.23,0.787000000000035,-4.02,-0.01,-3264,4245,-5,78.5435,100.0412,-444,1.565,0.374000000000009,6460,0,-10.9,-36,19667,5297,9232,-35.3999999999978,0
2021-09-01,NA,NA,-0.399999999999999,0.7,1.33,1.19,-2.68000000000001,-0.01,-3880,3637,-32,77.8344,98.9955,-21,2.26300000000001,0.220999999999989,-8959,0,2.5,40,23825,2820,10092,-190.600000000002,0
2021-10-01,21960.388,7.14837928289285,-0.2,0.67,1.53,2.58600000000001,7.38000000000001,0,10153,10033,24,78.9984,100.3542,391,4.78700000000001,0.527000000000001,6606,-0.01,-1.09999999999999,-48,32150,15896,16697,6.29999999999927,0
2021-11-01,NA,NA,-0.3,0.66,1.51,2.29599999999999,8.06999999999999,0,-13211,7213,117,79.7955,101.2684,-220,2.822,0.608000000000004,5754,0.01,-4.3,104,36292,42687,11584,-49.7999999999993,0
2021-12-01,NA,NA,-0.3,0.65,1.4,1.98199999999997,-18.64,0,-639,-5260,53,79.7947,101.1948,-62,-1.94900000000001,0.665999999999997,3263,0.01,3.19999999999999,47,54819,29162,20092,-72.8999999999978,0
2022-01-01,21903.85,-1.03114580601584,0.1,0.65,1.61,1.73599999999999,10.55,0,-4773,11519,-45,79.8471,101.2146,-350,5.11500000000001,0.530000000000001,7813,0.03,-3.39999999999999,-36,36833,53048,11446,-382.200000000001,0
2022-02-01,NA,NA,-0.2,0.72,1.62,1.983,12.23,0,-1505,6488,30,80.357,101.8458,644,6.20699999999999,0.504000000000005,-3289,0.11,-4.40000000000001,-17,38886,42437,22341,-0.200000000000728,0
2022-03-01,NA,NA,-0.0999999999999996,0.86,1.68,2.94200000000001,15.44,0.12,-14844,13645,-64,80.9989,102.6732,-398,7.35400000000001,0.423999999999992,-413,0.12,-3.4,-68,47941,25876,20182,-77.5,0
2022-04-01,21919.222,0.280619316335873,0,0.9,1.99,1.11500000000001,-4.34,0.13,16538,9078,150,81.1458,102.9024,-166,5.29599999999999,0.385000000000005,1982,0.2,5.8,-77,27251,39573,19794,-1.79999999999927,0
2022-05-01,NA,NA,-0.1,0.99,1.91,2.71699999999998,5.86000000000001,0.44,1121,-2205,-288,81.1363,102.9659,-64,7.94099999999997,0.408000000000001,-1479,0.38,-6.8,12,39458,12410,19148,-14.6000000000004,0
2022-06-01,NA,NA,0,1.03,1.6,3.77300000000002,10.08,0.44,3040,4662,2,80.9375,102.8224,220,7,0.667000000000002,658,0.22,-8.4,-105,31241,-12524,14259,-33.2000000000007,0
2022-07-01,22066.784,2.68380909282229,-0.1,1.15,0.6,-0.132000000000005,-4.96000000000001,0.47,10175,-4635,-150,81.0054,103.0505,235,-7.97699999999998,0.262,4094,0.54,1.5,-24,14396,7769,5246,203.200000000001,0
2022-08-01,NA,NA,0.1,1.08,0.18,0.22199999999998,-13.71,0.65,2518,4040,128,80.9637,103.1703,-459,-2.72800000000001,0.659999999999997,362,0.82,6.7,125,17815,-10532,11691,95.2999999999993,0
2022-09-01,NA,NA,-0.1,1.1,0.3,1.25900000000001,-9.5,0.23,-2695,-1795,-50,81.0936,103.5326,-10,-1.64799999999997,0.507000000000005,-4676,0.4,0.399999999999999,-88,1837,-1078,2872,57.8999999999996,0
2022-10-01,22249.459,3.29768089145688,0.1,1.16,0.11,1.55799999999999,-3.04000000000001,0.52,-4049,8436,-30,80.8551,103.4442,173,-2.83700000000005,0.394999999999996,7683,0.46,1.3,21,7309,-6458,5520,52,0
2022-11-01,NA,NA,0,1.17,-0.43,0.729000000000042,4.31,0.7,12705,-8074,-20,80.4107,103.1058,-103,-1.904,0.353999999999999,-6529,0.72,-3.2,19,4441,5572,5821,12.2000000000007,0
2022-12-01,NA,NA,-0.1,1.16,-0.74,0.0999999999999659,-7.3,0.32,-8201,-6940,-80,79.2286,101.8266,-171,-5.25999999999999,0.423000000000002,5489,0.16,3.09999999999999,36,4434,8976,-672,61,0
2023-01-01,22403.435,2.75864064349634,0,1.1,-1.16,1.64800000000002,NA,0.23,802,27092,21,79.7542,102.7476,318,2.32999999999998,0.548999999999992,2255,NA,5.10000000000001,7,-2126,9913,-6244,311,0
2023-02-01,NA,NA,0.1,1.03,-1.04,1.01999999999998,NA,0.24,-561,-7392,43,79.6087,102.8003,-138,-1.55799999999999,0.436999999999998,-6530,NA,2,-14,-3251,12648,-1479,70.5999999999985,0
2023-03-01,NA,NA,-0.1,1.11,-1.2,0.166999999999973,1.22999999999999,0.0800000000000001,10200,-7367,-62,79.4362,102.8143,-221,-1.60699999999997,0.341000000000008,6404,0.19,-4.90000000000001,19,-1416,19843,467,88.9000000000015,0
2023-04-01,22539.418,2.42055687861509,-0.1,1.06,-1.61,1.21500000000003,2.83000000000001,0.18,-12435,4631,26,79.5726,103.2241,131,-0.153999999999996,0.411000000000001,6041,0.0399999999999991,1.7,43,-1631,25499,-4537,15.2999999999993,0
2023-05-01,NA,NA,0.2,1.1,-1.74,0.45799999999997,-4.75,0.23,6690,2974,215,79.2151,102.9809,11,-3.23800000000003,0.347999999999999,534,0.33,-4.7,54,-2991,21539,-4809,58.6000000000022,0
2023-06-01,NA,NA,0,1.1,-1.67,0.783000000000015,-5.56,0.0200000000000005,1260,2138,-168,78.5968,102.3809,30,0.190000000000026,0.307000000000002,7564,0.140000000000001,5.2,-75,-2908,11182,-4375,8.39999999999782,0
2023-07-01,22780.933,4.26329065797901,-0.1,1.08,-1.59,0.51600000000002,-0.38000000000001,0.04,199,1831,58,78.986,103.0722,-109,-0.0250000000000057,0.165999999999997,-9030,-0.0300000000000002,7.3,34,-3097,4399,-2274,11.2999999999993,0
2023-08-01,NA,NA,0.2,1.07,-1.39,1.52299999999997,11.66,0.21,4976,5597,-168,78.8773,103.0951,9,3.845,0.122,-510,0.0599999999999996,-2.09999999999999,-48,9832,20002,-612,24.2000000000007,0
2023-09-01,NA,NA,0.0999999999999996,1.03,-1.18,1.23600000000005,4.14999999999999,0,-2591,5871,58,78.9282,103.3081,1,1.25400000000002,0.382000000000005,5566,0.0300000000000002,-1.60000000000001,42,8627,7802,1543,15.2999999999993,0
2023-10-01,22960.6,3.14231574158867,0.1,1.02,-0.8,0.278999999999996,3.29000000000001,0,-2111,-2744,2,78.2711,102.5781,28,-3.74200000000002,0.159999999999997,-11862,0.0499999999999998,-4,-21,-3873,15920,-4040,51.7000000000007,0
2023-11-01,NA,NA,-0.2,1.01,-1.02,0.433999999999969,-7.76000000000001,0,-421,-2198,145,78.4172,102.8868,-45,-2.33600000000001,0.108999999999995,21618,-0.04,-2.5,-62,-4313,19554,-2510,76.6000000000022,0
2023-12-01,NA,NA,0.0999999999999996,0.899999999999999,-1.42,0.648000000000025,-7.34999999999999,0,-161,2654,58,78.1414,102.6309,128,-2.98999999999998,0.219000000000008,-13242,-0.0799999999999992,8.40000000000001,43,12441,10602,5023,38,0
2024-01-01,23053.545,1.61594007943791,-0.0999999999999996,0.81,-1.39,1.05899999999997,NA,0,-1944,-5690,-192,77.1945,101.483,-150,1.44,0.599999999999994,-10859,NA,9.3,10,-1221,20937,-3551,158.799999999999,0
2024-02-01,NA,NA,0.2,0.739999999999999,-1.23,1.22800000000001,NA,0,-2482,6801,170,78.0707,102.7267,103,3.61999999999998,0.290000000000006,3327,NA,-2.09999999999999,-21,7304,11521,3114,16.2000000000007,0
2024-03-01,NA,NA,0,0.74,-1.26,1.08500000000004,6.54000000000001,0,794,2806,-247,77.8455,102.5186,24,0.169000000000011,0.410999999999987,2231,0.0100000000000007,2.5,40,-3253,2021,-4269,44.5,0
2024-04-01,23223.906,2.94505018576459,0,0.72,-0.9,0.908999999999992,3.64,0,-7358,-1057,78,77.6572,102.3568,-128,1.88300000000001,0.311000000000007,641,0,-2.2,53,8733,27408,1869,-22,0
2024-05-01,NA,NA,0.1,0.7,-0.97,0.123999999999967,-3.84,0,-727,1628,-62,78.0627,102.9797,75,-1.66500000000002,0.0990000000000038,250,0.0299999999999994,-8.10000000000001,-64,12604,5032,4880,46.1999999999971,0
2024-06-01,NA,NA,0.0999999999999996,0.69,-1.2,-0.00900000000001455,-5.44,0,2452,-1959,14,78.1993,103.2534,-106,0.600999999999999,0.271000000000001,-19446,0,-0.899999999999991,0,7103,-24241,304,4.5,0
2024-07-01,23400.294,3.02656288407448,0.100000000000001,0.72,-1.18,0.435000000000002,9.44,0,-5706,8501,-67,77.5681,102.5192,1,1.40700000000004,0.211999999999989,25878,-0.0199999999999996,-1.8,35,8962,-831,2242,-10.5999999999985,0
2024-08-01,NA,NA,0,0.73,-1.43,0.564999999999998,-6.96000000000001,0,8442,-813,117,77.8658,103.0196,-17,-1.85800000000003,0.204000000000008,-2464,-0.12,1.5,-16,8816,18993,1656,-10.4000000000015,0
2024-09-01,NA,NA,-0.100000000000001,0.74,-1.2,0.720000000000027,NA,-0.2,-13570,6350,-24,77.4591,102.5954,169,-2.78100000000001,0.307999999999993,-1047,NA,2.19999999999999,35,636,-19705,-2086,25,0
2024-10-01,23542.349,2.42091922478735,0,0.68,-0.62,0.713000000000022,NA,-0.3,11287,4005,-11,77.1206,102.2669,-196,0.399000000000001,0.361000000000004,2138,NA,0.400000000000006,-103,1238,34200,-12,48.9000000000015,0
2024-11-01,NA,NA,0.100000000000001,0.640000000000001,-0.26,0.884999999999991,-0.599999999999994,-0.19,-4512,4686,-39,76.8424,102.0231,217,0.115000000000009,0.120999999999995,-5728,-0.0899999999999999,1.3,53,3175,8169,-683,23.9000000000015,0
2024-12-01,NA,NA,-0.100000000000001,0.6,0,1.154,-1.46000000000001,-0.159999999999999,-19823,5257,221,77.6044,103.1654,62,0.210000000000008,0.26400000000001,-4970,-0.0300000000000002,2.2,37,-5101,6263,-3650,13.3999999999978,0
2025-01-01,NA,NA,-0.0999999999999996,0.62,0.29,1.483,NA,-0.15,-32590,-9036,-176,77.709,103.435,-198,3.79599999999999,0.36999999999999,9331,NA,-2.3,-49,8234,-11117,7232,55.6000000000022,0
2025-02-01,NA,NA,0.0999999999999996,0.6,0.12,0.688999999999965,NA,0,7990,1408,151,78.1877,104.2062,26,2.524,0.454000000000008,2770,NA,-7,12,NA,15813,NA,94.7999999999993,0
2025-03-01,NA,NA,NA,0.64,-0.06,NA,-4.89,0,NA,NA,NA,NA,NA,NA,NA,NA,NA,-0.00999999999999979,NA,NA,NA,NA,NA,NA,0
2025-04-01,NA,NA,NA,NA,NA,NA,NA,NA,NA,NA,NA,NA,NA,NA,NA,NA,NA,-0.00999999999999979,NA,NA,NA,NA,NA,NA,0
2025-05-01,NA,NA,NA,NA,NA,NA,NA,NA,NA,NA,NA,NA,NA,NA,NA,NA,NA,NA,NA,NA,NA,NA,NA,NA,0
2025-06-01,NA,NA,NA,NA,NA,NA,NA,NA,NA,NA,NA,NA,NA,NA,NA,NA,NA,NA,NA,NA,NA,NA,NA,NA,0
2025-07-01,NA,NA,NA,NA,NA,NA,NA,NA,NA,NA,NA,NA,NA,NA,NA,NA,NA,NA,NA,NA,NA,NA,NA,NA,0
2025-08-01,NA,NA,NA,NA,NA,NA,NA,NA,NA,NA,NA,NA,NA,NA,NA,NA,NA,NA,NA,NA,NA,NA,NA,NA,0
2025-09-01,NA,NA,NA,NA,NA,NA,NA,NA,NA,NA,NA,NA,NA,NA,NA,NA,NA,NA,NA,NA,NA,NA,NA,NA,0
